2026-01-31 13:23:03.503 WARNING (SyncWorker_0) [homeassistant.loader] We found a custom integration phomemo_d30 which has not been tested by Home Assistant. This component might cause stability problems, be sure to disable it if you experience issues with Home Assistant
2026-01-31 13:23:03.505 WARNING (SyncWorker_0) [homeassistant.loader] We found a custom integration phomemo_d30 which has not been tested by Home Assistant. This component might cause stability problems, be sure to disable it if you experience issues with Home Assistant
2026-01-31 13:23:03.878 INFO (MainThread) [homeassistant.setup] Setup of domain http took 0.03 seconds
2026-01-31 13:23:03.878 INFO (MainThread) [homeassistant.setup] Setup of domain system_log took 0.03 seconds
2026-01-31 13:23:03.878 INFO (MainThread) [homeassistant.setup] Setup of domain logger took 0.03 seconds
2026-01-31 13:23:03.878 INFO (MainThread) [homeassistant.setup] Setting up websocket_api
2026-01-31 13:23:03.878 INFO (MainThread) [homeassistant.setup] Setup of domain websocket_api took 0.00 seconds
2026-01-31 13:23:03.881 INFO (MainThread) [homeassistant.setup] Setting up network
2026-01-31 13:23:03.882 INFO (MainThread) [homeassistant.setup] Setup of domain network took 0.00 seconds
2026-01-31 13:23:03.882 INFO (MainThread) [homeassistant.bootstrap] Setting up stage labs: {'labs'}; already set up: {}
Dependencies: {}; already set up: {}
2026-01-31 13:23:03.883 INFO (MainThread) [homeassistant.setup] Setting up labs
2026-01-31 13:23:03.883 INFO (MainThread) [homeassistant.setup] Setup of domain labs took 0.00 seconds
2026-01-31 13:23:03.883 INFO (MainThread) [homeassistant.bootstrap] Setting up stage frontend: {'frontend'}; already set up: {}
Dependencies: {'onboarding', 'diagnostics', 'file_upload', 'api', 'auth', 'search', 'config', 'lovelace', 'device_automation', 'repairs'}; already set up: {'websocket_api', 'http', 'system_log'}
2026-01-31 13:23:03.883 INFO (MainThread) [homeassistant.setup] Setting up auth
2026-01-31 13:23:03.883 INFO (MainThread) [homeassistant.setup] Setup of domain auth took 0.00 seconds
2026-01-31 13:23:03.883 INFO (MainThread) [homeassistant.setup] Setting up onboarding
2026-01-31 13:23:03.883 INFO (MainThread) [homeassistant.setup] Setup of domain onboarding took 0.00 seconds
2026-01-31 13:23:03.883 INFO (MainThread) [homeassistant.setup] Setting up diagnostics
2026-01-31 13:23:03.883 INFO (MainThread) [homeassistant.setup] Setup of domain diagnostics took 0.00 seconds
2026-01-31 13:23:03.884 INFO (MainThread) [homeassistant.setup] Setting up file_upload
2026-01-31 13:23:03.884 INFO (MainThread) [homeassistant.setup] Setup of domain file_upload took 0.00 seconds
2026-01-31 13:23:03.884 INFO (MainThread) [homeassistant.setup] Setting up api
2026-01-31 13:23:03.884 INFO (MainThread) [homeassistant.setup] Setup of domain api took 0.00 seconds
2026-01-31 13:23:03.884 INFO (MainThread) [homeassistant.setup] Setting up config
2026-01-31 13:23:03.885 INFO (MainThread) [homeassistant.setup] Setup of domain config took 0.00 seconds
2026-01-31 13:23:03.885 INFO (MainThread) [homeassistant.setup] Setting up device_automation
2026-01-31 13:23:03.885 INFO (MainThread) [homeassistant.setup] Setup of domain device_automation took 0.00 seconds
2026-01-31 13:23:03.885 INFO (MainThread) [homeassistant.setup] Setting up lovelace
2026-01-31 13:23:03.885 INFO (MainThread) [homeassistant.setup] Setting up repairs
2026-01-31 13:23:03.886 INFO (MainThread) [homeassistant.setup] Setup of domain repairs took 0.00 seconds
2026-01-31 13:23:03.886 INFO (MainThread) [homeassistant.setup] Setting up search
2026-01-31 13:23:03.886 INFO (MainThread) [homeassistant.setup] Setup of domain search took 0.00 seconds
2026-01-31 13:23:03.886 INFO (MainThread) [homeassistant.setup] Setup of domain lovelace took 0.00 seconds
2026-01-31 13:23:03.889 INFO (MainThread) [homeassistant.setup] Setting up frontend
2026-01-31 13:23:03.892 INFO (MainThread) [homeassistant.setup] Setup of domain frontend took 0.00 seconds
2026-01-31 13:23:03.892 INFO (MainThread) [homeassistant.bootstrap] Setting up stage recorder: {'recorder'}; already set up: {}
Dependencies: {}; already set up: {}
2026-01-31 13:23:03.893 INFO (MainThread) [homeassistant.components.http] Now listening on port 8123
2026-01-31 13:23:03.893 INFO (MainThread) [homeassistant.setup] Setup of domain http took 0.00 seconds
2026-01-31 13:23:03.902 INFO (MainThread) [homeassistant.setup] Setting up recorder
2026-01-31 13:23:03.947 INFO (MainThread) [homeassistant.setup] Setup of domain recorder took 0.04 seconds
2026-01-31 13:23:03.947 INFO (MainThread) [homeassistant.bootstrap] Nothing to set up in stage debugger: {'debugpy'}
2026-01-31 13:23:03.947 INFO (MainThread) [homeassistant.bootstrap] Setting up stage zeroconf: {'zeroconf'}; already set up: {}
Dependencies: {}; already set up: {'api', 'websocket_api', 'http', 'network'}
2026-01-31 13:23:03.950 INFO (MainThread) [homeassistant.setup] Setting up zeroconf
2026-01-31 13:23:03.953 INFO (MainThread) [homeassistant.components.zeroconf] Starting Zeroconf broadcast
2026-01-31 13:23:03.953 INFO (MainThread) [homeassistant.setup] Setup of domain zeroconf took 0.00 seconds
2026-01-31 13:23:03.954 INFO (MainThread) [homeassistant.bootstrap] Setting up stage 1: {'dhcp', 'usb', 'cloud', 'bluetooth', 'ssdp'}; already set up: {}
Dependencies: {'webhook', 'web_rtc', 'wake_word', 'backup', 'ffmpeg', 'conversation', 'stt', 'intent', 'assist_pipeline', 'tts'}; already set up: {'websocket_api', 'auth', 'network', 'repairs', 'http'}
2026-01-31 13:23:03.954 INFO (MainThread) [homeassistant.setup] Setting up webhook
2026-01-31 13:23:03.954 INFO (MainThread) [homeassistant.setup] Setup of domain webhook took 0.00 seconds
2026-01-31 13:23:03.957 INFO (MainThread) [homeassistant.setup] Setting up wake_word
2026-01-31 13:23:03.957 INFO (MainThread) [homeassistant.setup] Setup of domain wake_word took 0.00 seconds
2026-01-31 13:23:03.962 INFO (MainThread) [homeassistant.setup] Setting up intent
2026-01-31 13:23:03.962 INFO (MainThread) [homeassistant.setup] Setup of domain intent took 0.00 seconds
2026-01-31 13:23:03.965 INFO (MainThread) [homeassistant.setup] Setting up stt
2026-01-31 13:23:03.965 INFO (MainThread) [homeassistant.setup] Setup of domain stt took 0.00 seconds
2026-01-31 13:23:03.967 INFO (MainThread) [homeassistant.setup] Setting up web_rtc
2026-01-31 13:23:03.967 INFO (MainThread) [homeassistant.setup] Setup of domain web_rtc took 0.00 seconds
2026-01-31 13:23:03.968 INFO (MainThread) [homeassistant.setup] Setting up ffmpeg
2026-01-31 13:23:03.969 INFO (MainThread) [homeassistant.setup] Setup of domain ffmpeg took 0.00 seconds
2026-01-31 13:23:03.976 INFO (MainThread) [homeassistant.setup] Setting up backup
2026-01-31 13:23:03.979 INFO (MainThread) [homeassistant.setup] Setup of domain backup took 0.00 seconds
2026-01-31 13:23:03.982 INFO (MainThread) [homeassistant.setup] Setting up tts
2026-01-31 13:23:03.988 INFO (MainThread) [homeassistant.setup] Setup of domain tts took 0.01 seconds
2026-01-31 13:23:03.990 INFO (MainThread) [homeassistant.setup] Setting up dhcp
2026-01-31 13:23:03.990 INFO (MainThread) [homeassistant.setup] Setup of domain dhcp took 0.00 seconds
2026-01-31 13:23:03.997 INFO (MainThread) [homeassistant.setup] Setting up usb
2026-01-31 13:23:03.997 INFO (MainThread) [homeassistant.setup] Setup of domain usb took 0.00 seconds
2026-01-31 13:23:04.009 INFO (MainThread) [homeassistant.setup] Setting up ssdp
2026-01-31 13:23:04.012 INFO (MainThread) [homeassistant.setup] Setup of domain ssdp took 0.00 seconds
2026-01-31 13:23:04.064 INFO (MainThread) [homeassistant.setup] Setting up conversation
2026-01-31 13:23:04.064 INFO (MainThread) [homeassistant.setup] Setup of domain conversation took 0.00 seconds
2026-01-31 13:23:04.071 INFO (MainThread) [homeassistant.setup] Setting up bluetooth
2026-01-31 13:23:04.091 INFO (MainThread) [homeassistant.setup] Setup of domain bluetooth took 0.02 seconds
2026-01-31 13:23:04.100 INFO (MainThread) [homeassistant.setup] Setting up assist_pipeline
2026-01-31 13:23:04.101 INFO (MainThread) [homeassistant.setup] Setup of domain assist_pipeline took 0.00 seconds
2026-01-31 13:23:04.103 INFO (MainThread) [homeassistant.setup] Setting up event
2026-01-31 13:23:04.103 INFO (MainThread) [homeassistant.setup] Setup of domain event took 0.00 seconds
2026-01-31 13:23:04.103 INFO (MainThread) [homeassistant.components.event] Setting up backup.event
2026-01-31 13:23:04.104 INFO (MainThread) [homeassistant.setup] Setting up sensor
2026-01-31 13:23:04.104 INFO (MainThread) [homeassistant.setup] Setup of domain sensor took 0.00 seconds
2026-01-31 13:23:04.104 INFO (MainThread) [homeassistant.components.sensor] Setting up backup.sensor
2026-01-31 13:23:04.169 INFO (MainThread) [homeassistant.setup] Setting up cloud
2026-01-31 13:23:04.172 INFO (MainThread) [homeassistant.setup] Setup of domain cloud took 0.00 seconds
2026-01-31 13:23:04.173 INFO (MainThread) [homeassistant.bootstrap] Setting up stage 2: {'input_datetime', 'schedule', 'counter', 'input_boolean', 'input_text', 'input_number', 'google_translate', 'mqtt', 'person', 'hardware', 'application_credentials', 'input_button', 'input_select', 'go2rtc', 'script', 'analytics', 'radio_browser', 'shopping_list', 'system_health', 'tag', 'scene', 'automation', 'sun', 'default_config', 'timer', 'zone'}; already set up: {'backup', 'frontend', 'logger', 'network', 'http', 'bluetooth', 'labs'}
Dependencies: {'file', 'trace', 'my', 'homeassistant_alerts', 'blueprint', 'media_source', 'camera', 'logbook', 'usage_prediction', 'energy', 'history', 'stream', 'mobile_app', 'image_upload'}; already set up: {'file_upload', 'usb', 'search', 'config', 'lovelace', 'assist_pipeline', 'recorder', 'web_rtc', 'diagnostics', 'backup', 'ffmpeg', 'cloud', 'repairs', 'tts', 'wake_word', 'frontend', 'network', 'stt', 'bluetooth', 'ssdp', 'system_log', 'http', 'zeroconf', 'webhook', 'onboarding', 'api', 'websocket_api', 'auth', 'conversation', 'dhcp', 'device_automation', 'intent'}
2026-01-31 13:23:04.173 INFO (MainThread) [homeassistant.setup] Setting up camera
2026-01-31 13:23:04.174 INFO (MainThread) [homeassistant.setup] Setup of domain camera took 0.00 seconds
2026-01-31 13:23:04.174 INFO (MainThread) [homeassistant.setup] Setting up scene
2026-01-31 13:23:04.174 INFO (MainThread) [homeassistant.components.scene] Setting up homeassistant.scene
2026-01-31 13:23:04.174 INFO (MainThread) [homeassistant.setup] Setup of domain scene took 0.00 seconds
2026-01-31 13:23:04.175 INFO (MainThread) [homeassistant.setup] Setting up media_source
2026-01-31 13:23:04.175 INFO (MainThread) [homeassistant.setup] Setup of domain media_source took 0.00 seconds
2026-01-31 13:23:04.175 INFO (MainThread) [homeassistant.setup] Setting up stream
2026-01-31 13:23:04.175 INFO (MainThread) [homeassistant.setup] Setting up input_boolean
2026-01-31 13:23:04.176 INFO (MainThread) [homeassistant.setup] Setup of domain input_boolean took 0.00 seconds
2026-01-31 13:23:04.176 INFO (MainThread) [homeassistant.setup] Setting up input_number
2026-01-31 13:23:04.176 INFO (MainThread) [homeassistant.setup] Setup of domain input_number took 0.00 seconds
2026-01-31 13:23:04.176 INFO (MainThread) [homeassistant.setup] Setting up trace
2026-01-31 13:23:04.176 INFO (MainThread) [homeassistant.setup] Setup of domain trace took 0.00 seconds
2026-01-31 13:23:04.177 INFO (MainThread) [homeassistant.setup] Setting up image_upload
2026-01-31 13:23:04.177 INFO (MainThread) [homeassistant.setup] Setup of domain image_upload took 0.00 seconds
2026-01-31 13:23:04.177 INFO (MainThread) [homeassistant.setup] Setting up zone
2026-01-31 13:23:04.177 INFO (MainThread) [homeassistant.setup] Setup of domain zone took 0.00 seconds
2026-01-31 13:23:04.178 INFO (MainThread) [homeassistant.setup] Setting up person
2026-01-31 13:23:04.191 INFO (MainThread) [homeassistant.setup] Setting up history
2026-01-31 13:23:04.191 INFO (MainThread) [homeassistant.setup] Setup of domain history took 0.00 seconds
2026-01-31 13:23:04.191 INFO (MainThread) [homeassistant.setup] Setting up input_button
2026-01-31 13:23:04.192 INFO (MainThread) [homeassistant.setup] Setup of domain input_button took 0.00 seconds
2026-01-31 13:23:04.192 INFO (MainThread) [homeassistant.setup] Setting up input_select
2026-01-31 13:23:04.194 INFO (MainThread) [homeassistant.setup] Setup of domain input_select took 0.00 seconds
2026-01-31 13:23:04.194 INFO (MainThread) [homeassistant.setup] Setting up blueprint
2026-01-31 13:23:04.194 INFO (MainThread) [homeassistant.setup] Setup of domain blueprint took 0.00 seconds
2026-01-31 13:23:04.194 INFO (MainThread) [homeassistant.setup] Setting up script
2026-01-31 13:23:04.195 INFO (MainThread) [homeassistant.setup] Setup of domain script took 0.00 seconds
2026-01-31 13:23:04.195 INFO (MainThread) [homeassistant.setup] Setting up system_health
2026-01-31 13:23:04.195 INFO (MainThread) [homeassistant.setup] Setup of domain system_health took 0.00 seconds
2026-01-31 13:23:04.195 INFO (MainThread) [homeassistant.setup] Setting up automation
2026-01-31 13:23:04.195 INFO (MainThread) [homeassistant.setup] Setup of domain automation took 0.00 seconds
2026-01-31 13:23:04.195 INFO (MainThread) [homeassistant.setup] Setting up logbook
2026-01-31 13:23:04.196 INFO (MainThread) [homeassistant.setup] Setup of domain logbook took 0.00 seconds
2026-01-31 13:23:04.196 INFO (MainThread) [homeassistant.setup] Setting up timer
2026-01-31 13:23:04.196 INFO (MainThread) [homeassistant.setup] Setup of domain timer took 0.00 seconds
2026-01-31 13:23:04.198 INFO (MainThread) [homeassistant.setup] Setting up input_datetime
2026-01-31 13:23:04.199 INFO (MainThread) [homeassistant.setup] Setup of domain input_datetime took 0.00 seconds
2026-01-31 13:23:04.199 INFO (MainThread) [homeassistant.setup] Setting up schedule
2026-01-31 13:23:04.199 INFO (MainThread) [homeassistant.setup] Setup of domain schedule took 0.00 seconds
2026-01-31 13:23:04.199 INFO (MainThread) [homeassistant.setup] Setting up counter
2026-01-31 13:23:04.200 INFO (MainThread) [homeassistant.setup] Setup of domain counter took 0.00 seconds
2026-01-31 13:23:04.200 INFO (MainThread) [homeassistant.setup] Setting up input_text
2026-01-31 13:23:04.200 INFO (MainThread) [homeassistant.setup] Setup of domain input_text took 0.00 seconds
2026-01-31 13:23:04.200 INFO (MainThread) [homeassistant.setup] Setup of domain person took 0.02 seconds
2026-01-31 13:23:04.203 INFO (MainThread) [homeassistant.setup] Setting up file
2026-01-31 13:23:04.204 INFO (MainThread) [homeassistant.setup] Setup of domain file took 0.00 seconds
2026-01-31 13:23:04.204 INFO (MainThread) [homeassistant.setup] Setting up google_translate
2026-01-31 13:23:04.204 INFO (MainThread) [homeassistant.setup] Setup of domain google_translate took 0.00 seconds
2026-01-31 13:23:04.204 INFO (MainThread) [homeassistant.setup] Setting up my
2026-01-31 13:23:04.204 INFO (MainThread) [homeassistant.setup] Setup of domain my took 0.00 seconds
2026-01-31 13:23:04.230 INFO (MainThread) [homeassistant.setup] Setup of domain stream took 0.05 seconds
2026-01-31 13:23:04.242 INFO (MainThread) [homeassistant.setup] Setting up mqtt
2026-01-31 13:23:04.242 INFO (MainThread) [homeassistant.setup] Setup of domain mqtt took 0.00 seconds
2026-01-31 13:23:04.246 INFO (MainThread) [homeassistant.setup] Setting up hardware
2026-01-31 13:23:04.256 INFO (MainThread) [homeassistant.setup] Setting up application_credentials
2026-01-31 13:23:04.256 INFO (MainThread) [homeassistant.setup] Setup of domain application_credentials took 0.00 seconds
2026-01-31 13:23:04.261 INFO (MainThread) [homeassistant.setup] Setup of domain hardware took 0.02 seconds
2026-01-31 13:23:04.281 INFO (MainThread) [homeassistant.setup] Setting up go2rtc
2026-01-31 13:23:04.287 INFO (MainThread) [homeassistant.setup] Setting up energy
2026-01-31 13:23:04.287 INFO (MainThread) [homeassistant.setup] Setup of domain energy took 0.00 seconds
2026-01-31 13:23:04.290 INFO (MainThread) [homeassistant.setup] Setting up homeassistant_alerts
2026-01-31 13:23:04.290 INFO (MainThread) [homeassistant.setup] Setup of domain homeassistant_alerts took 0.00 seconds
2026-01-31 13:23:04.293 INFO (MainThread) [homeassistant.setup] Setup of domain go2rtc took 0.01 seconds
2026-01-31 13:23:04.331 INFO (MainThread) [homeassistant.setup] Setting up radio_browser
2026-01-31 13:23:04.331 INFO (MainThread) [homeassistant.setup] Setup of domain radio_browser took 0.00 seconds
2026-01-31 13:23:04.334 INFO (MainThread) [homeassistant.setup] Setting up usage_prediction
2026-01-31 13:23:04.334 INFO (MainThread) [homeassistant.setup] Setup of domain usage_prediction took 0.00 seconds
2026-01-31 13:23:04.335 INFO (MainThread) [homeassistant.setup] Setting up shopping_list
2026-01-31 13:23:04.335 INFO (MainThread) [homeassistant.setup] Setup of domain shopping_list took 0.00 seconds
2026-01-31 13:23:04.338 INFO (MainThread) [homeassistant.setup] Setting up tag
2026-01-31 13:23:04.338 INFO (MainThread) [homeassistant.setup] Setup of domain tag took 0.00 seconds
2026-01-31 13:23:04.339 INFO (MainThread) [homeassistant.setup] Setting up sun
2026-01-31 13:23:04.339 INFO (MainThread) [homeassistant.setup] Setup of domain sun took 0.00 seconds
2026-01-31 13:23:04.340 INFO (MainThread) [homeassistant.setup] Setting up binary_sensor
2026-01-31 13:23:04.341 INFO (MainThread) [homeassistant.setup] Setup of domain binary_sensor took 0.00 seconds
2026-01-31 13:23:04.341 INFO (MainThread) [homeassistant.components.binary_sensor] Setting up sun.binary_sensor
2026-01-31 13:23:04.341 INFO (MainThread) [homeassistant.components.sensor] Setting up sun.sensor
2026-01-31 13:23:04.347 INFO (MainThread) [homeassistant.components.tts] Setting up google_translate.tts
2026-01-31 13:23:04.380 INFO (MainThread) [homeassistant.components.sensor] Setting up energy.sensor
2026-01-31 13:23:04.383 INFO (MainThread) [homeassistant.setup] Setting up analytics
2026-01-31 13:23:04.383 INFO (MainThread) [homeassistant.setup] Setup of domain analytics took 0.00 seconds
2026-01-31 13:23:04.383 INFO (MainThread) [homeassistant.setup] Setting up todo
2026-01-31 13:23:04.384 INFO (MainThread) [homeassistant.setup] Setup of domain todo took 0.00 seconds
2026-01-31 13:23:04.384 INFO (MainThread) [homeassistant.components.todo] Setting up shopping_list.todo
2026-01-31 13:23:04.395 INFO (MainThread) [homeassistant.setup] Setting up mobile_app
2026-01-31 13:23:04.395 INFO (MainThread) [homeassistant.setup] Setting up notify
2026-01-31 13:23:04.395 INFO (MainThread) [homeassistant.setup] Setup of domain notify took 0.00 seconds
2026-01-31 13:23:04.395 INFO (MainThread) [homeassistant.setup] Setup of domain mobile_app took 0.00 seconds
2026-01-31 13:23:04.395 INFO (MainThread) [homeassistant.components.notify] Setting up notify.mobile_app
2026-01-31 13:23:04.395 INFO (MainThread) [homeassistant.setup] Setting up default_config
2026-01-31 13:23:04.396 INFO (MainThread) [homeassistant.setup] Setup of domain default_config took 0.00 seconds
2026-01-31 13:23:05.303 INFO (MainThread) [homeassistant.components.binary_sensor] Setting up mqtt.binary_sensor
2026-01-31 13:23:05.304 INFO (MainThread) [homeassistant.setup] Setting up button
2026-01-31 13:23:05.304 INFO (MainThread) [homeassistant.setup] Setup of domain button took 0.00 seconds
2026-01-31 13:23:05.304 INFO (MainThread) [homeassistant.components.button] Setting up mqtt.button
2026-01-31 13:23:05.307 INFO (MainThread) [homeassistant.helpers.entity_registry] Registered new binary_sensor.mqtt entity: binary_sensor.water_sensor01_water_leak
2026-01-31 13:23:05.308 INFO (MainThread) [homeassistant.helpers.entity_registry] Registered new binary_sensor.mqtt entity: binary_sensor.water_sensor01_battery_low
2026-01-31 13:23:05.308 INFO (MainThread) [homeassistant.helpers.entity_registry] Registered new button.mqtt entity: button.zigbee2mqtt_bridge_restart
2026-01-31 13:23:05.308 WARNING (MainThread) [homeassistant.components.mqtt.entity] The configuration for entity button.valetudo_rockrobo_reset_main_filter_consumable uses the deprecated option `object_id` to set the default entity id. Replace the `"object_id": "valetudo_rockrobo_reset main filter consumable"` option with `"default_entity_id": "button.valetudo_rockrobo_reset main filter consumable"` in your published discovery configuration to fix this issue, or contact the maintainer of the integration that published this config to fix this. This will stop working in Home Assistant Core 2026.4
2026-01-31 13:23:05.308 INFO (MainThread) [homeassistant.helpers.entity_registry] Registered new button.mqtt entity: button.valetudo_rockrobo_reset_main_filter_consumable
2026-01-31 13:23:05.309 INFO (MainThread) [homeassistant.helpers.entity_registry] Registered new binary_sensor.mqtt entity: binary_sensor.trapkast_deur_contact
2026-01-31 13:23:05.310 INFO (MainThread) [homeassistant.helpers.entity_registry] Registered new button.mqtt entity: button.switch_badkamer_beneden_kast_identify
2026-01-31 13:23:05.310 WARNING (MainThread) [homeassistant.components.mqtt.entity] The configuration for entity button.valetudo_rockrobo_reset_sensor_cleaning_consumable uses the deprecated option `object_id` to set the default entity id. Replace the `"object_id": "valetudo_rockrobo_reset sensor cleaning consumable"` option with `"default_entity_id": "button.valetudo_rockrobo_reset sensor cleaning consumable"` in your published discovery configuration to fix this issue, or contact the maintainer of the integration that published this config to fix this. This will stop working in Home Assistant Core 2026.4
2026-01-31 13:23:05.310 INFO (MainThread) [homeassistant.helpers.entity_registry] Registered new button.mqtt entity: button.valetudo_rockrobo_reset_sensor_cleaning_consumable
2026-01-31 13:23:05.311 INFO (MainThread) [homeassistant.helpers.entity_registry] Registered new binary_sensor.mqtt entity: binary_sensor.motion_sensor01_occupancy
2026-01-31 13:23:05.311 INFO (MainThread) [homeassistant.helpers.entity_registry] Registered new button.mqtt entity: button.switch_tuinhuis_kachel_identify
2026-01-31 13:23:05.311 INFO (MainThread) [homeassistant.helpers.entity_registry] Registered new button.mqtt entity: button.switch_kantoor_identify
2026-01-31 13:23:05.312 INFO (MainThread) [homeassistant.helpers.entity_registry] Registered new binary_sensor.mqtt entity: binary_sensor.motion_sensor02_occupancy
2026-01-31 13:23:05.312 INFO (MainThread) [homeassistant.helpers.entity_registry] Registered new button.mqtt entity: button.switch_tuinhuis_koelkast_identify
2026-01-31 13:23:05.312 INFO (MainThread) [homeassistant.helpers.entity_registry] Registered new button.mqtt entity: button.lamp_overloop_identify
2026-01-31 13:23:05.313 INFO (MainThread) [homeassistant.helpers.entity_registry] Registered new binary_sensor.mqtt entity: binary_sensor.motion_sensor03_occupancy
2026-01-31 13:23:05.313 INFO (MainThread) [homeassistant.helpers.entity_registry] Registered new button.mqtt entity: button.ikea_remote01_identify
2026-01-31 13:23:05.314 INFO (MainThread) [homeassistant.helpers.entity_registry] Registered new button.mqtt entity: button.valetudo_punycautiousparrot_reset_main_brush_consumable
2026-01-31 13:23:05.314 INFO (MainThread) [homeassistant.helpers.entity_registry] Registered new binary_sensor.mqtt entity: binary_sensor.badkamer_beneden_buitendeur_contact
2026-01-31 13:23:05.314 INFO (MainThread) [homeassistant.helpers.entity_registry] Registered new button.mqtt entity: button.switch_tuinhuis_boiler_identify
2026-01-31 13:23:05.315 INFO (MainThread) [homeassistant.helpers.entity_registry] Registered new button.mqtt entity: button.valetudo_punycautiousparrot_reset_right_brush_consumable
2026-01-31 13:23:05.315 INFO (MainThread) [homeassistant.helpers.entity_registry] Registered new binary_sensor.mqtt entity: binary_sensor.badkamer_beneden_raam_contact
2026-01-31 13:23:05.315 INFO (MainThread) [homeassistant.helpers.entity_registry] Registered new button.mqtt entity: button.ikea_lamp_slaapkamer_identify
2026-01-31 13:23:05.315 INFO (MainThread) [homeassistant.helpers.entity_registry] Registered new button.mqtt entity: button.valetudo_punycautiousparrot_reset_main_filter_consumable
2026-01-31 13:23:05.316 INFO (MainThread) [homeassistant.helpers.entity_registry] Registered new binary_sensor.mqtt entity: binary_sensor.keuken_voordeur_contact
2026-01-31 13:23:05.316 INFO (MainThread) [homeassistant.helpers.entity_registry] Registered new button.mqtt entity: button.bed_schakelaar_marielle_identify
2026-01-31 13:23:05.316 INFO (MainThread) [homeassistant.helpers.entity_registry] Registered new button.mqtt entity: button.valetudo_punycautiousparrot_reset_sensor_cleaning_consumable
2026-01-31 13:23:05.317 INFO (MainThread) [homeassistant.helpers.entity_registry] Registered new binary_sensor.mqtt entity: binary_sensor.uitbouw_tuindeur_links_contact
2026-01-31 13:23:05.317 INFO (MainThread) [homeassistant.helpers.entity_registry] Registered new button.mqtt entity: button.bed_schakelaar_janwiebe_identify
2026-01-31 13:23:05.317 INFO (MainThread) [homeassistant.helpers.entity_registry] Registered new button.mqtt entity: button.valetudo_punycautiousparrot_play_locate_sound
2026-01-31 13:23:05.318 INFO (MainThread) [homeassistant.helpers.entity_registry] Registered new binary_sensor.mqtt entity: binary_sensor.woonkamer_tuindeur_links_contact
2026-01-31 13:23:05.318 INFO (MainThread) [homeassistant.helpers.entity_registry] Registered new button.mqtt entity: button.lamp_kast_master_bedroom_identify
2026-01-31 13:23:05.318 INFO (MainThread) [homeassistant.helpers.entity_registry] Registered new binary_sensor.mqtt entity: binary_sensor.woonkamer_tuindeur_rechts_contact
2026-01-31 13:23:05.318 WARNING (MainThread) [homeassistant.components.mqtt.entity] The configuration for entity button.valetudo_l10pro_play_locate_sound uses the deprecated option `object_id` to set the default entity id. Replace the `"object_id": "valetudo_l10pro_play_locate_sound"` option with `"default_entity_id": "button.valetudo_l10pro_play_locate_sound"` in your published discovery configuration to fix this issue, or contact the maintainer of the integration that published this config to fix this. This will stop working in Home Assistant Core 2026.4
2026-01-31 13:23:05.318 INFO (MainThread) [homeassistant.helpers.entity_registry] Registered new button.mqtt entity: button.valetudo_l10pro_play_locate_sound
2026-01-31 13:23:05.319 INFO (MainThread) [homeassistant.helpers.entity_registry] Registered new binary_sensor.mqtt entity: binary_sensor.uitbouw_steegdeur_contact
2026-01-31 13:23:05.320 WARNING (MainThread) [homeassistant.components.mqtt.entity] The configuration for entity button.valetudo_l10pro_reset_main_brush_consumable uses the deprecated option `object_id` to set the default entity id. Replace the `"object_id": "valetudo_l10pro_reset_main_brush_consumable"` option with `"default_entity_id": "button.valetudo_l10pro_reset_main_brush_consumable"` in your published discovery configuration to fix this issue, or contact the maintainer of the integration that published this config to fix this. This will stop working in Home Assistant Core 2026.4
2026-01-31 13:23:05.320 INFO (MainThread) [homeassistant.helpers.entity_registry] Registered new button.mqtt entity: button.valetudo_l10pro_reset_main_brush_consumable
2026-01-31 13:23:05.320 INFO (MainThread) [homeassistant.helpers.entity_registry] Registered new binary_sensor.mqtt entity: binary_sensor.beweging_woonkamer_uitbouw_occupancy
2026-01-31 13:23:05.320 WARNING (MainThread) [homeassistant.components.mqtt.entity] The configuration for entity button.valetudo_l10pro_reset_right_brush_consumable uses the deprecated option `object_id` to set the default entity id. Replace the `"object_id": "valetudo_l10pro_reset_right_brush_consumable"` option with `"default_entity_id": "button.valetudo_l10pro_reset_right_brush_consumable"` in your published discovery configuration to fix this issue, or contact the maintainer of the integration that published this config to fix this. This will stop working in Home Assistant Core 2026.4
2026-01-31 13:23:05.320 INFO (MainThread) [homeassistant.helpers.entity_registry] Registered new button.mqtt entity: button.valetudo_l10pro_reset_right_brush_consumable
2026-01-31 13:23:05.321 WARNING (MainThread) [homeassistant.components.mqtt.entity] The configuration for entity binary_sensor.valetudo_l10pro_water_tank_attachment uses the deprecated option `object_id` to set the default entity id. Replace the `"object_id": "valetudo_l10pro_water_tank_attachment"` option with `"default_entity_id": "binary_sensor.valetudo_l10pro_water_tank_attachment"` in your published discovery configuration to fix this issue, or contact the maintainer of the integration that published this config to fix this. This will stop working in Home Assistant Core 2026.4
2026-01-31 13:23:05.321 INFO (MainThread) [homeassistant.helpers.entity_registry] Registered new binary_sensor.mqtt entity: binary_sensor.valetudo_l10pro_water_tank_attachment
2026-01-31 13:23:05.321 WARNING (MainThread) [homeassistant.components.mqtt.entity] The configuration for entity button.valetudo_l10pro_reset_main_filter_consumable uses the deprecated option `object_id` to set the default entity id. Replace the `"object_id": "valetudo_l10pro_reset_main_filter_consumable"` option with `"default_entity_id": "button.valetudo_l10pro_reset_main_filter_consumable"` in your published discovery configuration to fix this issue, or contact the maintainer of the integration that published this config to fix this. This will stop working in Home Assistant Core 2026.4
2026-01-31 13:23:05.321 INFO (MainThread) [homeassistant.helpers.entity_registry] Registered new button.mqtt entity: button.valetudo_l10pro_reset_main_filter_consumable
2026-01-31 13:23:05.321 WARNING (MainThread) [homeassistant.components.mqtt.entity] The configuration for entity binary_sensor.valetudo_l10pro_mop_attachment uses the deprecated option `object_id` to set the default entity id. Replace the `"object_id": "valetudo_l10pro_mop_attachment"` option with `"default_entity_id": "binary_sensor.valetudo_l10pro_mop_attachment"` in your published discovery configuration to fix this issue, or contact the maintainer of the integration that published this config to fix this. This will stop working in Home Assistant Core 2026.4
2026-01-31 13:23:05.321 INFO (MainThread) [homeassistant.helpers.entity_registry] Registered new binary_sensor.mqtt entity: binary_sensor.valetudo_l10pro_mop_attachment
2026-01-31 13:23:05.322 WARNING (MainThread) [homeassistant.components.mqtt.entity] The configuration for entity button.valetudo_l10pro_reset_sensor_cleaning_consumable uses the deprecated option `object_id` to set the default entity id. Replace the `"object_id": "valetudo_l10pro_reset sensor cleaning consumable"` option with `"default_entity_id": "button.valetudo_l10pro_reset sensor cleaning consumable"` in your published discovery configuration to fix this issue, or contact the maintainer of the integration that published this config to fix this. This will stop working in Home Assistant Core 2026.4
2026-01-31 13:23:05.322 INFO (MainThread) [homeassistant.helpers.entity_registry] Registered new button.mqtt entity: button.valetudo_l10pro_reset_sensor_cleaning_consumable
2026-01-31 13:23:05.322 INFO (MainThread) [homeassistant.helpers.entity_registry] Registered new binary_sensor.mqtt entity: binary_sensor.zigbee2mqtt_bridge_connection_state
2026-01-31 13:23:05.322 WARNING (MainThread) [homeassistant.components.mqtt.entity] The configuration for entity button.valetudo_l10pro_reset_sensor_cleaning_consumable_2 uses the deprecated option `object_id` to set the default entity id. Replace the `"object_id": "valetudo_l10pro_reset_sensor_cleaning_consumable"` option with `"default_entity_id": "button.valetudo_l10pro_reset_sensor_cleaning_consumable"` in your published discovery configuration to fix this issue, or contact the maintainer of the integration that published this config to fix this. This will stop working in Home Assistant Core 2026.4
2026-01-31 13:23:05.322 INFO (MainThread) [homeassistant.helpers.entity_registry] Registered new button.mqtt entity: button.valetudo_l10pro_reset_sensor_cleaning_consumable_2
2026-01-31 13:23:05.323 INFO (MainThread) [homeassistant.helpers.entity_registry] Registered new binary_sensor.mqtt entity: binary_sensor.zigbee2mqtt_bridge_restart_required
2026-01-31 13:23:05.323 WARNING (MainThread) [homeassistant.components.mqtt.entity] The configuration for entity button.valetudo_rockrobo_reset_main_brush_consumable uses the deprecated option `object_id` to set the default entity id. Replace the `"object_id": "valetudo_rockrobo_reset main brush consumable"` option with `"default_entity_id": "button.valetudo_rockrobo_reset main brush consumable"` in your published discovery configuration to fix this issue, or contact the maintainer of the integration that published this config to fix this. This will stop working in Home Assistant Core 2026.4
2026-01-31 13:23:05.323 INFO (MainThread) [homeassistant.helpers.entity_registry] Registered new button.mqtt entity: button.valetudo_rockrobo_reset_main_brush_consumable
2026-01-31 13:23:05.323 WARNING (MainThread) [homeassistant.components.mqtt.entity] The configuration for entity button.valetudo_rockrobo_reset_right_brush_consumable uses the deprecated option `object_id` to set the default entity id. Replace the `"object_id": "valetudo_rockrobo_reset right brush consumable"` option with `"default_entity_id": "button.valetudo_rockrobo_reset right brush consumable"` in your published discovery configuration to fix this issue, or contact the maintainer of the integration that published this config to fix this. This will stop working in Home Assistant Core 2026.4
2026-01-31 13:23:05.323 INFO (MainThread) [homeassistant.helpers.entity_registry] Registered new button.mqtt entity: button.valetudo_rockrobo_reset_right_brush_consumable
2026-01-31 13:23:05.326 INFO (MainThread) [homeassistant.components.camera] Setting up mqtt.camera
2026-01-31 13:23:05.326 WARNING (MainThread) [homeassistant.components.mqtt.entity] The configuration for entity camera.valetudo_rockrobo_map_data uses the deprecated option `object_id` to set the default entity id. Replace the `"object_id": "valetudo_rockrobo_map_data"` option with `"default_entity_id": "camera.valetudo_rockrobo_map_data"` in your published discovery configuration to fix this issue, or contact the maintainer of the integration that published this config to fix this. This will stop working in Home Assistant Core 2026.4
2026-01-31 13:23:05.326 INFO (MainThread) [homeassistant.helpers.entity_registry] Registered new camera.mqtt entity: camera.valetudo_rockrobo_map_data
2026-01-31 13:23:05.326 WARNING (MainThread) [homeassistant.components.mqtt.entity] The configuration for entity camera.valetudo_l10pro_map_data uses the deprecated option `object_id` to set the default entity id. Replace the `"object_id": "valetudo_l10pro_map_data"` option with `"default_entity_id": "camera.valetudo_l10pro_map_data"` in your published discovery configuration to fix this issue, or contact the maintainer of the integration that published this config to fix this. This will stop working in Home Assistant Core 2026.4
2026-01-31 13:23:05.326 INFO (MainThread) [homeassistant.helpers.entity_registry] Registered new camera.mqtt entity: camera.valetudo_l10pro_map_data
2026-01-31 13:23:05.327 INFO (MainThread) [homeassistant.helpers.entity_registry] Registered new camera.mqtt entity: camera.valetudo_punycautiousparrot_map_data
2026-01-31 13:23:05.327 INFO (MainThread) [homeassistant.bootstrap] Home Assistant initialized in 1.84s
2026-01-31 13:23:05.327 INFO (MainThread) [homeassistant.core] Starting Home Assistant 2026.1.3
2026-01-31 13:23:05.512 INFO (MainThread) [homeassistant.setup] Setting up light
2026-01-31 13:23:05.513 INFO (MainThread) [homeassistant.components.light] Setting up mqtt.light
2026-01-31 13:23:05.516 INFO (MainThread) [homeassistant.helpers.entity_registry] Registered new light.mqtt entity: light.led_strip_slaapkamer
2026-01-31 13:23:05.518 INFO (MainThread) [homeassistant.helpers.entity_registry] Registered new light.mqtt entity: light.licht_slaapkamer
2026-01-31 13:23:05.524 INFO (MainThread) [homeassistant.helpers.entity_registry] Registered new light.mqtt entity: light.ikea_lamp_slaapkamer
2026-01-31 13:23:05.531 INFO (MainThread) [homeassistant.helpers.entity_registry] Registered new light.mqtt entity: light.lamp_slaapkamer
2026-01-31 13:23:05.531 INFO (MainThread) [homeassistant.helpers.entity_registry] Registered new light.mqtt entity: light.lamp_kast_master_bedroom
2026-01-31 13:23:05.532 INFO (MainThread) [homeassistant.helpers.entity_registry] Registered new light.mqtt entity: light.lamp_overloop
2026-01-31 13:23:05.541 INFO (MainThread) [homeassistant.setup] Setting up number
2026-01-31 13:23:05.542 INFO (MainThread) [homeassistant.components.number] Setting up mqtt.number
2026-01-31 13:23:05.542 WARNING (MainThread) [homeassistant.components.mqtt.entity] The configuration for entity number.valetudo_l10pro_speaker_volume uses the deprecated option `object_id` to set the default entity id. Replace the `"object_id": "valetudo_l10pro_speaker_volume"` option with `"default_entity_id": "number.valetudo_l10pro_speaker_volume"` in your published discovery configuration to fix this issue, or contact the maintainer of the integration that published this config to fix this. This will stop working in Home Assistant Core 2026.4
2026-01-31 13:23:05.542 INFO (MainThread) [homeassistant.helpers.entity_registry] Registered new number.mqtt entity: number.valetudo_l10pro_speaker_volume
2026-01-31 13:23:05.558 INFO (MainThread) [homeassistant.helpers.entity_registry] Registered new number.mqtt entity: number.keuken_staande_vloerlamp_countdown
2026-01-31 13:23:05.559 INFO (MainThread) [homeassistant.helpers.entity_registry] Registered new number.mqtt entity: number.keuken_lamp_keukenblad_countdown
2026-01-31 13:23:05.561 INFO (MainThread) [homeassistant.helpers.entity_registry] Registered new number.mqtt entity: number.valetudo_punycautiousparrot_speaker_volume
2026-01-31 13:23:05.562 INFO (MainThread) [homeassistant.helpers.entity_registry] Registered new number.mqtt entity: number.keuken_lamp_deurbel_countdown
2026-01-31 13:23:05.563 INFO (MainThread) [homeassistant.setup] Setting up select
2026-01-31 13:23:05.563 INFO (MainThread) [homeassistant.components.select] Setting up mqtt.select
2026-01-31 13:23:05.564 INFO (MainThread) [homeassistant.helpers.entity_registry] Registered new select.mqtt entity: select.shp13_switch01_power_outage_memory
2026-01-31 13:23:05.565 INFO (MainThread) [homeassistant.helpers.entity_registry] Registered new select.mqtt entity: select.led_strip_slaapkamer_effect
2026-01-31 13:23:05.565 INFO (MainThread) [homeassistant.helpers.entity_registry] Registered new select.mqtt entity: select.shp13_switch01_indicator_mode
2026-01-31 13:23:05.568 INFO (MainThread) [homeassistant.helpers.entity_registry] Registered new select.mqtt entity: select.led_strip_slaapkamer_color_power_on_behavior
2026-01-31 13:23:05.569 INFO (MainThread) [homeassistant.helpers.entity_registry] Registered new select.mqtt entity: select.shp13_switch02_power_outage_memory
2026-01-31 13:23:05.569 INFO (MainThread) [homeassistant.helpers.entity_registry] Registered new select.mqtt entity: select.switch_tuinhuis_boiler_power_on_behavior
2026-01-31 13:23:05.570 INFO (MainThread) [homeassistant.helpers.entity_registry] Registered new select.mqtt entity: select.shp13_switch02_indicator_mode
2026-01-31 13:23:05.570 INFO (MainThread) [homeassistant.helpers.entity_registry] Registered new select.mqtt entity: select.switch_badkamer_beneden_kast_power_on_behavior
2026-01-31 13:23:05.571 INFO (MainThread) [homeassistant.helpers.entity_registry] Registered new select.mqtt entity: select.switch_tuinhuis_koelkast_power_on_behavior
2026-01-31 13:23:05.572 INFO (MainThread) [homeassistant.helpers.entity_registry] Registered new select.mqtt entity: select.keuken_mozaiek_lamp_power_on_behavior
2026-01-31 13:23:05.572 INFO (MainThread) [homeassistant.helpers.entity_registry] Registered new select.mqtt entity: select.keuken_mozaiek_lamp_indicator_mode
2026-01-31 13:23:05.573 WARNING (MainThread) [homeassistant.components.mqtt.entity] The configuration for entity select.valetudo_l10pro_water uses the deprecated option `object_id` to set the default entity id. Replace the `"object_id": "valetudo_l10pro_water"` option with `"default_entity_id": "select.valetudo_l10pro_water"` in your published discovery configuration to fix this issue, or contact the maintainer of the integration that published this config to fix this. This will stop working in Home Assistant Core 2026.4
2026-01-31 13:23:05.573 INFO (MainThread) [homeassistant.helpers.entity_registry] Registered new select.mqtt entity: select.valetudo_l10pro_water
2026-01-31 13:23:05.573 WARNING (MainThread) [homeassistant.components.mqtt.entity] The configuration for entity select.valetudo_l10pro_mode uses the deprecated option `object_id` to set the default entity id. Replace the `"object_id": "valetudo_l10pro_mode"` option with `"default_entity_id": "select.valetudo_l10pro_mode"` in your published discovery configuration to fix this issue, or contact the maintainer of the integration that published this config to fix this. This will stop working in Home Assistant Core 2026.4
2026-01-31 13:23:05.573 INFO (MainThread) [homeassistant.helpers.entity_registry] Registered new select.mqtt entity: select.valetudo_l10pro_mode
2026-01-31 13:23:05.573 WARNING (MainThread) [homeassistant.components.mqtt.entity] The configuration for entity select.valetudo_l10pro_fan uses the deprecated option `object_id` to set the default entity id. Replace the `"object_id": "valetudo_l10pro_fan"` option with `"default_entity_id": "select.valetudo_l10pro_fan"` in your published discovery configuration to fix this issue, or contact the maintainer of the integration that published this config to fix this. This will stop working in Home Assistant Core 2026.4
2026-01-31 13:23:05.573 INFO (MainThread) [homeassistant.helpers.entity_registry] Registered new select.mqtt entity: select.valetudo_l10pro_fan
2026-01-31 13:23:05.574 INFO (MainThread) [homeassistant.helpers.entity_registry] Registered new select.mqtt entity: select.switch_poort_power_on_behavior
2026-01-31 13:23:05.575 INFO (MainThread) [homeassistant.helpers.entity_registry] Registered new select.mqtt entity: select.switch_tuinhuis_ledstrip_power_on_behavior
2026-01-31 13:23:05.575 INFO (MainThread) [homeassistant.helpers.entity_registry] Registered new select.mqtt entity: select.switch_tuinhuis_kachel_power_on_behavior
2026-01-31 13:23:05.576 INFO (MainThread) [homeassistant.helpers.entity_registry] Registered new select.mqtt entity: select.zigbee2mqtt_bridge_log_level
2026-01-31 13:23:05.577 INFO (MainThread) [homeassistant.helpers.entity_registry] Registered new select.mqtt entity: select.ikea_lamp_slaapkamer_effect
2026-01-31 13:23:05.577 INFO (MainThread) [homeassistant.helpers.entity_registry] Registered new select.mqtt entity: select.ikea_lamp_slaapkamer_power_on_behavior
2026-01-31 13:23:05.578 INFO (MainThread) [homeassistant.helpers.entity_registry] Registered new select.mqtt entity: select.lamp_slaapkamer_power_on_behavior
2026-01-31 13:23:05.579 INFO (MainThread) [homeassistant.helpers.entity_registry] Registered new select.mqtt entity: select.lamp_slaapkamer_effect
2026-01-31 13:23:05.579 INFO (MainThread) [homeassistant.helpers.entity_registry] Registered new select.mqtt entity: select.lamp_kast_master_bedroom_effect
2026-01-31 13:23:05.579 INFO (MainThread) [homeassistant.helpers.entity_registry] Registered new select.mqtt entity: select.lamp_kast_master_bedroom_power_on_behavior
2026-01-31 13:23:05.580 WARNING (MainThread) [homeassistant.components.mqtt.entity] The configuration for entity select.valetudo_rockrobo_fan uses the deprecated option `object_id` to set the default entity id. Replace the `"object_id": "valetudo_rockrobo_fan"` option with `"default_entity_id": "select.valetudo_rockrobo_fan"` in your published discovery configuration to fix this issue, or contact the maintainer of the integration that published this config to fix this. This will stop working in Home Assistant Core 2026.4
2026-01-31 13:23:05.580 INFO (MainThread) [homeassistant.helpers.entity_registry] Registered new select.mqtt entity: select.valetudo_rockrobo_fan
2026-01-31 13:23:05.580 INFO (MainThread) [homeassistant.helpers.entity_registry] Registered new select.mqtt entity: select.switch_kantoor_power_on_behavior
2026-01-31 13:23:05.581 INFO (MainThread) [homeassistant.helpers.entity_registry] Registered new select.mqtt entity: select.lamp_overloop_effect
2026-01-31 13:23:05.581 INFO (MainThread) [homeassistant.helpers.entity_registry] Registered new select.mqtt entity: select.lamp_overloop_power_on_behavior
2026-01-31 13:23:05.582 INFO (MainThread) [homeassistant.helpers.entity_registry] Registered new select.mqtt entity: select.switch_trapkast_power_on_behavior
2026-01-31 13:23:05.582 INFO (MainThread) [homeassistant.helpers.entity_registry] Registered new select.mqtt entity: select.switch_trapkast_indicator_mode
2026-01-31 13:23:05.582 INFO (MainThread) [homeassistant.helpers.entity_registry] Registered new select.mqtt entity: select.keuken_staande_vloerlamp_power_outage_memory
2026-01-31 13:23:05.583 INFO (MainThread) [homeassistant.helpers.entity_registry] Registered new select.mqtt entity: select.keuken_staande_vloerlamp_indicator_mode
2026-01-31 13:23:05.583 INFO (MainThread) [homeassistant.helpers.entity_registry] Registered new select.mqtt entity: select.keuken_lamp_keukenblad_power_outage_memory
2026-01-31 13:23:05.584 INFO (MainThread) [homeassistant.helpers.entity_registry] Registered new select.mqtt entity: select.keuken_lamp_keukenblad_indicator_mode
2026-01-31 13:23:05.584 INFO (MainThread) [homeassistant.helpers.entity_registry] Registered new select.mqtt entity: select.keuken_kerstverlichting_power_on_behavior
2026-01-31 13:23:05.585 INFO (MainThread) [homeassistant.helpers.entity_registry] Registered new select.mqtt entity: select.keuken_kerstverlichting_indicator_mode
2026-01-31 13:23:05.585 INFO (MainThread) [homeassistant.helpers.entity_registry] Registered new select.mqtt entity: select.woonkamer_hoek_bank_power_on_behavior
2026-01-31 13:23:05.586 INFO (MainThread) [homeassistant.helpers.entity_registry] Registered new select.mqtt entity: select.woonkamer_hoek_bank_indicator_mode
2026-01-31 13:23:05.586 INFO (MainThread) [homeassistant.helpers.entity_registry] Registered new select.mqtt entity: select.valetudo_punycautiousparrot_fan
2026-01-31 13:23:05.586 INFO (MainThread) [homeassistant.helpers.entity_registry] Registered new select.mqtt entity: select.keuken_lamp_deurbel_power_outage_memory
2026-01-31 13:23:05.587 INFO (MainThread) [homeassistant.helpers.entity_registry] Registered new select.mqtt entity: select.keuken_lamp_deurbel_indicator_mode
2026-01-31 13:23:05.605 INFO (MainThread) [homeassistant.components.sensor] Setting up mqtt.sensor
2026-01-31 13:23:05.606 INFO (MainThread) [homeassistant.helpers.entity_registry] Registered new sensor.mqtt entity: sensor.water_sensor01_battery
2026-01-31 13:23:05.607 INFO (MainThread) [homeassistant.helpers.entity_registry] Registered new sensor.mqtt entity: sensor.motion_sensor02_voltage
2026-01-31 13:23:05.608 INFO (MainThread) [homeassistant.helpers.entity_registry] Registered new sensor.mqtt entity: sensor.water_sensor01_linkquality
2026-01-31 13:23:05.608 INFO (MainThread) [homeassistant.helpers.entity_registry] Registered new sensor.mqtt entity: sensor.motion_sensor02_illuminance
2026-01-31 13:23:05.609 INFO (MainThread) [homeassistant.helpers.entity_registry] Registered new sensor.mqtt entity: sensor.water_sensor01_voltage
2026-01-31 13:23:05.610 INFO (MainThread) [homeassistant.helpers.entity_registry] Registered new sensor.mqtt entity: sensor.motion_sensor02_linkquality
2026-01-31 13:23:05.610 INFO (MainThread) [homeassistant.helpers.entity_registry] Registered new sensor.mqtt entity: sensor.water_sensor01_device_temperature
2026-01-31 13:23:05.611 INFO (MainThread) [homeassistant.helpers.entity_registry] Registered new sensor.mqtt entity: sensor.motion_sensor02_device_temperature
2026-01-31 13:23:05.611 INFO (MainThread) [homeassistant.helpers.entity_registry] Registered new sensor.mqtt entity: sensor.water_sensor01_power_outage_count
2026-01-31 13:23:05.611 INFO (MainThread) [homeassistant.helpers.entity_registry] Registered new sensor.mqtt entity: sensor.motion_sensor02_power_outage_count
2026-01-31 13:23:05.612 INFO (MainThread) [homeassistant.helpers.entity_registry] Registered new sensor.mqtt entity: sensor.water_sensor01_trigger_count
2026-01-31 13:23:05.612 INFO (MainThread) [homeassistant.helpers.entity_registry] Registered new sensor.mqtt entity: sensor.motion_sensor03_battery
2026-01-31 13:23:05.613 INFO (MainThread) [homeassistant.helpers.entity_registry] Registered new sensor.mqtt entity: sensor.trapkast_deur_battery
2026-01-31 13:23:05.613 INFO (MainThread) [homeassistant.helpers.entity_registry] Registered new sensor.mqtt entity: sensor.motion_sensor03_voltage
2026-01-31 13:23:05.614 INFO (MainThread) [homeassistant.helpers.entity_registry] Registered new sensor.mqtt entity: sensor.trapkast_deur_voltage
2026-01-31 13:23:05.614 INFO (MainThread) [homeassistant.helpers.entity_registry] Registered new sensor.mqtt entity: sensor.motion_sensor03_illuminance
2026-01-31 13:23:05.615 INFO (MainThread) [homeassistant.helpers.entity_registry] Registered new sensor.mqtt entity: sensor.trapkast_deur_linkquality
2026-01-31 13:23:05.615 INFO (MainThread) [homeassistant.helpers.entity_registry] Registered new sensor.mqtt entity: sensor.motion_sensor03_linkquality
2026-01-31 13:23:05.615 INFO (MainThread) [homeassistant.helpers.entity_registry] Registered new sensor.mqtt entity: sensor.trapkast_deur_device_temperature
2026-01-31 13:23:05.616 INFO (MainThread) [homeassistant.helpers.entity_registry] Registered new sensor.mqtt entity: sensor.motion_sensor03_device_temperature
2026-01-31 13:23:05.616 INFO (MainThread) [homeassistant.helpers.entity_registry] Registered new sensor.mqtt entity: sensor.trapkast_deur_power_outage_count
2026-01-31 13:23:05.617 INFO (MainThread) [homeassistant.helpers.entity_registry] Registered new sensor.mqtt entity: sensor.motion_sensor03_power_outage_count
2026-01-31 13:23:05.617 INFO (MainThread) [homeassistant.helpers.entity_registry] Registered new sensor.mqtt entity: sensor.trapkast_deur_trigger_count
2026-01-31 13:23:05.618 INFO (MainThread) [homeassistant.helpers.entity_registry] Registered new sensor.mqtt entity: sensor.ikea_remote01_battery
2026-01-31 13:23:05.618 INFO (MainThread) [homeassistant.helpers.entity_registry] Registered new sensor.mqtt entity: sensor.shp13_switch01_power
2026-01-31 13:23:05.619 INFO (MainThread) [homeassistant.helpers.entity_registry] Registered new sensor.mqtt entity: sensor.ikea_remote01_linkquality
2026-01-31 13:23:05.620 INFO (MainThread) [homeassistant.helpers.entity_registry] Registered new sensor.mqtt entity: sensor.shp13_switch01_current
2026-01-31 13:23:05.620 WARNING (MainThread) [homeassistant.components.mqtt.entity] The configuration for entity sensor.valetudo_rockrobo_map_segments uses the deprecated option `object_id` to set the default entity id. Replace the `"object_id": "valetudo_rockrobo_map_segments"` option with `"default_entity_id": "sensor.valetudo_rockrobo_map_segments"` in your published discovery configuration to fix this issue, or contact the maintainer of the integration that published this config to fix this. This will stop working in Home Assistant Core 2026.4
2026-01-31 13:23:05.621 INFO (MainThread) [homeassistant.helpers.entity_registry] Registered new sensor.mqtt entity: sensor.valetudo_rockrobo_map_segments
2026-01-31 13:23:05.621 INFO (MainThread) [homeassistant.helpers.entity_registry] Registered new sensor.mqtt entity: sensor.shp13_switch01_voltage
2026-01-31 13:23:05.621 WARNING (MainThread) [homeassistant.components.mqtt.entity] The configuration for entity sensor.valetudo_rockrobo_main_brush uses the deprecated option `object_id` to set the default entity id. Replace the `"object_id": "valetudo_rockrobo_main brush"` option with `"default_entity_id": "sensor.valetudo_rockrobo_main brush"` in your published discovery configuration to fix this issue, or contact the maintainer of the integration that published this config to fix this. This will stop working in Home Assistant Core 2026.4
2026-01-31 13:23:05.622 INFO (MainThread) [homeassistant.helpers.entity_registry] Registered new sensor.mqtt entity: sensor.valetudo_rockrobo_main_brush
2026-01-31 13:23:05.622 INFO (MainThread) [homeassistant.helpers.entity_registry] Registered new sensor.mqtt entity: sensor.shp13_switch01_energy
2026-01-31 13:23:05.623 WARNING (MainThread) [homeassistant.components.mqtt.entity] The configuration for entity sensor.valetudo_rockrobo_right_brush uses the deprecated option `object_id` to set the default entity id. Replace the `"object_id": "valetudo_rockrobo_right brush"` option with `"default_entity_id": "sensor.valetudo_rockrobo_right brush"` in your published discovery configuration to fix this issue, or contact the maintainer of the integration that published this config to fix this. This will stop working in Home Assistant Core 2026.4
2026-01-31 13:23:05.623 INFO (MainThread) [homeassistant.helpers.entity_registry] Registered new sensor.mqtt entity: sensor.valetudo_rockrobo_right_brush
2026-01-31 13:23:05.623 INFO (MainThread) [homeassistant.helpers.entity_registry] Registered new sensor.mqtt entity: sensor.shp13_switch01_linkquality
2026-01-31 13:23:05.624 WARNING (MainThread) [homeassistant.components.mqtt.entity] The configuration for entity sensor.valetudo_rockrobo_main_filter uses the deprecated option `object_id` to set the default entity id. Replace the `"object_id": "valetudo_rockrobo_main filter"` option with `"default_entity_id": "sensor.valetudo_rockrobo_main filter"` in your published discovery configuration to fix this issue, or contact the maintainer of the integration that published this config to fix this. This will stop working in Home Assistant Core 2026.4
2026-01-31 13:23:05.624 INFO (MainThread) [homeassistant.helpers.entity_registry] Registered new sensor.mqtt entity: sensor.valetudo_rockrobo_main_filter
2026-01-31 13:23:05.624 INFO (MainThread) [homeassistant.helpers.entity_registry] Registered new sensor.mqtt entity: sensor.shp13_switch02_power
2026-01-31 13:23:05.624 WARNING (MainThread) [homeassistant.components.mqtt.entity] The configuration for entity sensor.valetudo_rockrobo_sensor_cleaning uses the deprecated option `object_id` to set the default entity id. Replace the `"object_id": "valetudo_rockrobo_sensor cleaning"` option with `"default_entity_id": "sensor.valetudo_rockrobo_sensor cleaning"` in your published discovery configuration to fix this issue, or contact the maintainer of the integration that published this config to fix this. This will stop working in Home Assistant Core 2026.4
2026-01-31 13:23:05.624 INFO (MainThread) [homeassistant.helpers.entity_registry] Registered new sensor.mqtt entity: sensor.valetudo_rockrobo_sensor_cleaning
2026-01-31 13:23:05.625 INFO (MainThread) [homeassistant.helpers.entity_registry] Registered new sensor.mqtt entity: sensor.shp13_switch02_current
2026-01-31 13:23:05.625 WARNING (MainThread) [homeassistant.components.mqtt.entity] The configuration for entity sensor.valetudo_rockrobo_current_statistics_time uses the deprecated option `object_id` to set the default entity id. Replace the `"object_id": "valetudo_rockrobo_current statistics time"` option with `"default_entity_id": "sensor.valetudo_rockrobo_current statistics time"` in your published discovery configuration to fix this issue, or contact the maintainer of the integration that published this config to fix this. This will stop working in Home Assistant Core 2026.4
2026-01-31 13:23:05.625 INFO (MainThread) [homeassistant.helpers.entity_registry] Registered new sensor.mqtt entity: sensor.valetudo_rockrobo_current_statistics_time
2026-01-31 13:23:05.626 INFO (MainThread) [homeassistant.helpers.entity_registry] Registered new sensor.mqtt entity: sensor.shp13_switch02_voltage
2026-01-31 13:23:05.626 WARNING (MainThread) [homeassistant.components.mqtt.entity] The configuration for entity sensor.valetudo_rockrobo_current_statistics_area uses the deprecated option `object_id` to set the default entity id. Replace the `"object_id": "valetudo_rockrobo_current statistics area"` option with `"default_entity_id": "sensor.valetudo_rockrobo_current statistics area"` in your published discovery configuration to fix this issue, or contact the maintainer of the integration that published this config to fix this. This will stop working in Home Assistant Core 2026.4
2026-01-31 13:23:05.626 INFO (MainThread) [homeassistant.helpers.entity_registry] Registered new sensor.mqtt entity: sensor.valetudo_rockrobo_current_statistics_area
2026-01-31 13:23:05.626 INFO (MainThread) [homeassistant.helpers.entity_registry] Registered new sensor.mqtt entity: sensor.shp13_switch02_energy
2026-01-31 13:23:05.628 WARNING (MainThread) [homeassistant.components.mqtt.entity] The configuration for entity sensor.valetudo_rockrobo_wi_fi_configuration uses the deprecated option `object_id` to set the default entity id. Replace the `"object_id": "valetudo_rockrobo_wi-fi_configuration"` option with `"default_entity_id": "sensor.valetudo_rockrobo_wi-fi_configuration"` in your published discovery configuration to fix this issue, or contact the maintainer of the integration that published this config to fix this. This will stop working in Home Assistant Core 2026.4
2026-01-31 13:23:05.628 INFO (MainThread) [homeassistant.helpers.entity_registry] Registered new sensor.mqtt entity: sensor.valetudo_rockrobo_wi_fi_configuration
2026-01-31 13:23:05.629 INFO (MainThread) [homeassistant.helpers.entity_registry] Registered new sensor.mqtt entity: sensor.shp13_switch02_linkquality
2026-01-31 13:23:05.629 WARNING (MainThread) [homeassistant.components.mqtt.entity] The configuration for entity sensor.valetudo_rockrobo_error uses the deprecated option `object_id` to set the default entity id. Replace the `"object_id": "valetudo_rockrobo_error"` option with `"default_entity_id": "sensor.valetudo_rockrobo_error"` in your published discovery configuration to fix this issue, or contact the maintainer of the integration that published this config to fix this. This will stop working in Home Assistant Core 2026.4
2026-01-31 13:23:05.629 INFO (MainThread) [homeassistant.helpers.entity_registry] Registered new sensor.mqtt entity: sensor.valetudo_rockrobo_error
2026-01-31 13:23:05.630 INFO (MainThread) [homeassistant.helpers.entity_registry] Registered new sensor.mqtt entity: sensor.temperatuur_keuken_battery
2026-01-31 13:23:05.630 WARNING (MainThread) [homeassistant.components.mqtt.entity] The configuration for entity sensor.valetudo_rockrobo_status_flag uses the deprecated option `object_id` to set the default entity id. Replace the `"object_id": "valetudo_rockrobo_status_flag"` option with `"default_entity_id": "sensor.valetudo_rockrobo_status_flag"` in your published discovery configuration to fix this issue, or contact the maintainer of the integration that published this config to fix this. This will stop working in Home Assistant Core 2026.4
2026-01-31 13:23:05.630 INFO (MainThread) [homeassistant.helpers.entity_registry] Registered new sensor.mqtt entity: sensor.valetudo_rockrobo_status_flag
2026-01-31 13:23:05.631 INFO (MainThread) [homeassistant.helpers.entity_registry] Registered new sensor.mqtt entity: sensor.temperatuur_keuken_temperature
2026-01-31 13:23:05.633 WARNING (MainThread) [homeassistant.components.mqtt.entity] The configuration for entity sensor.valetudo_rockrobo_battery_level uses the deprecated option `object_id` to set the default entity id. Replace the `"object_id": "valetudo_rockrobo_battery_level"` option with `"default_entity_id": "sensor.valetudo_rockrobo_battery_level"` in your published discovery configuration to fix this issue, or contact the maintainer of the integration that published this config to fix this. This will stop working in Home Assistant Core 2026.4
2026-01-31 13:23:05.633 INFO (MainThread) [homeassistant.helpers.entity_registry] Registered new sensor.mqtt entity: sensor.valetudo_rockrobo_battery_level
2026-01-31 13:23:05.634 INFO (MainThread) [homeassistant.helpers.entity_registry] Registered new sensor.mqtt entity: sensor.temperatuur_keuken_humidity
2026-01-31 13:23:05.634 WARNING (MainThread) [homeassistant.components.mqtt.entity] The configuration for entity sensor.valetudo_rockrobo_events uses the deprecated option `object_id` to set the default entity id. Replace the `"object_id": "valetudo_rockrobo_events"` option with `"default_entity_id": "sensor.valetudo_rockrobo_events"` in your published discovery configuration to fix this issue, or contact the maintainer of the integration that published this config to fix this. This will stop working in Home Assistant Core 2026.4
2026-01-31 13:23:05.634 INFO (MainThread) [homeassistant.helpers.entity_registry] Registered new sensor.mqtt entity: sensor.valetudo_rockrobo_events
2026-01-31 13:23:05.635 INFO (MainThread) [homeassistant.helpers.entity_registry] Registered new sensor.mqtt entity: sensor.temperatuur_keuken_pressure
2026-01-31 13:23:05.635 INFO (MainThread) [homeassistant.helpers.entity_registry] Registered new sensor.mqtt entity: sensor.temperature_sensor04_battery
2026-01-31 13:23:05.636 INFO (MainThread) [homeassistant.helpers.entity_registry] Registered new sensor.mqtt entity: sensor.temperatuur_keuken_voltage
2026-01-31 13:23:05.636 INFO (MainThread) [homeassistant.helpers.entity_registry] Registered new sensor.mqtt entity: sensor.temperature_sensor04_temperature
2026-01-31 13:23:05.638 INFO (MainThread) [homeassistant.helpers.entity_registry] Registered new sensor.mqtt entity: sensor.temperatuur_keuken_linkquality
2026-01-31 13:23:05.638 INFO (MainThread) [homeassistant.helpers.entity_registry] Registered new sensor.mqtt entity: sensor.temperature_sensor04_humidity
2026-01-31 13:23:05.638 INFO (MainThread) [homeassistant.helpers.entity_registry] Registered new sensor.mqtt entity: sensor.temperature_badkamer_beneden_battery
2026-01-31 13:23:05.639 INFO (MainThread) [homeassistant.helpers.entity_registry] Registered new sensor.mqtt entity: sensor.temperature_sensor04_pressure
2026-01-31 13:23:05.639 INFO (MainThread) [homeassistant.helpers.entity_registry] Registered new sensor.mqtt entity: sensor.temperature_badkamer_beneden_temperature
2026-01-31 13:23:05.640 INFO (MainThread) [homeassistant.helpers.entity_registry] Registered new sensor.mqtt entity: sensor.temperature_sensor04_voltage
2026-01-31 13:23:05.640 INFO (MainThread) [homeassistant.helpers.entity_registry] Registered new sensor.mqtt entity: sensor.temperature_badkamer_beneden_humidity
2026-01-31 13:23:05.642 INFO (MainThread) [homeassistant.helpers.entity_registry] Registered new sensor.mqtt entity: sensor.temperature_sensor04_linkquality
2026-01-31 13:23:05.642 INFO (MainThread) [homeassistant.helpers.entity_registry] Registered new sensor.mqtt entity: sensor.temperature_badkamer_beneden_pressure
2026-01-31 13:23:05.643 INFO (MainThread) [homeassistant.helpers.entity_registry] Registered new sensor.mqtt entity: sensor.temperature_master_bedroom_battery
2026-01-31 13:23:05.643 INFO (MainThread) [homeassistant.helpers.entity_registry] Registered new sensor.mqtt entity: sensor.temperature_badkamer_beneden_voltage
2026-01-31 13:23:05.644 INFO (MainThread) [homeassistant.helpers.entity_registry] Registered new sensor.mqtt entity: sensor.temperature_master_bedroom_temperature
2026-01-31 13:23:05.645 INFO (MainThread) [homeassistant.helpers.entity_registry] Registered new sensor.mqtt entity: sensor.temperature_badkamer_beneden_linkquality
2026-01-31 13:23:05.645 INFO (MainThread) [homeassistant.helpers.entity_registry] Registered new sensor.mqtt entity: sensor.temperature_master_bedroom_humidity
2026-01-31 13:23:05.646 INFO (MainThread) [homeassistant.helpers.entity_registry] Registered new sensor.mqtt entity: sensor.switch_tuinhuis_koelkast_linkquality
2026-01-31 13:23:05.647 INFO (MainThread) [homeassistant.helpers.entity_registry] Registered new sensor.mqtt entity: sensor.temperature_master_bedroom_pressure
2026-01-31 13:23:05.647 INFO (MainThread) [homeassistant.helpers.entity_registry] Registered new sensor.mqtt entity: sensor.motion_sensor01_battery
2026-01-31 13:23:05.648 INFO (MainThread) [homeassistant.helpers.entity_registry] Registered new sensor.mqtt entity: sensor.temperature_master_bedroom_voltage
2026-01-31 13:23:05.648 INFO (MainThread) [homeassistant.helpers.entity_registry] Registered new sensor.mqtt entity: sensor.motion_sensor01_voltage
2026-01-31 13:23:05.649 INFO (MainThread) [homeassistant.helpers.entity_registry] Registered new sensor.mqtt entity: sensor.temperature_master_bedroom_linkquality
2026-01-31 13:23:05.649 INFO (MainThread) [homeassistant.helpers.entity_registry] Registered new sensor.mqtt entity: sensor.motion_sensor01_illuminance
2026-01-31 13:23:05.650 INFO (MainThread) [homeassistant.helpers.entity_registry] Registered new sensor.mqtt entity: sensor.badkamer_beneden_buitendeur_battery
2026-01-31 13:23:05.650 INFO (MainThread) [homeassistant.helpers.entity_registry] Registered new sensor.mqtt entity: sensor.motion_sensor01_linkquality
2026-01-31 13:23:05.651 INFO (MainThread) [homeassistant.helpers.entity_registry] Registered new sensor.mqtt entity: sensor.badkamer_beneden_buitendeur_device_temperature
2026-01-31 13:23:05.651 INFO (MainThread) [homeassistant.helpers.entity_registry] Registered new sensor.mqtt entity: sensor.motion_sensor01_device_temperature
2026-01-31 13:23:05.652 INFO (MainThread) [homeassistant.helpers.entity_registry] Registered new sensor.mqtt entity: sensor.badkamer_beneden_buitendeur_voltage
2026-01-31 13:23:05.652 INFO (MainThread) [homeassistant.helpers.entity_registry] Registered new sensor.mqtt entity: sensor.motion_sensor01_power_outage_count
2026-01-31 13:23:05.653 INFO (MainThread) [homeassistant.helpers.entity_registry] Registered new sensor.mqtt entity: sensor.badkamer_beneden_buitendeur_power_outage_count
2026-01-31 13:23:05.653 INFO (MainThread) [homeassistant.helpers.entity_registry] Registered new sensor.mqtt entity: sensor.motion_sensor02_battery
2026-01-31 13:23:05.654 INFO (MainThread) [homeassistant.helpers.entity_registry] Registered new sensor.mqtt entity: sensor.badkamer_beneden_buitendeur_linkquality
2026-01-31 13:23:05.654 INFO (MainThread) [homeassistant.helpers.entity_registry] Registered new sensor.mqtt entity: sensor.badkamer_beneden_buitendeur_trigger_count
2026-01-31 13:23:05.655 INFO (MainThread) [homeassistant.helpers.entity_registry] Registered new sensor.mqtt entity: sensor.badkamer_beneden_raam_battery
2026-01-31 13:23:05.655 INFO (MainThread) [homeassistant.helpers.entity_registry] Registered new sensor.mqtt entity: sensor.badkamer_beneden_raam_device_temperature
2026-01-31 13:23:05.656 INFO (MainThread) [homeassistant.helpers.entity_registry] Registered new sensor.mqtt entity: sensor.badkamer_beneden_raam_voltage
2026-01-31 13:23:05.658 INFO (MainThread) [homeassistant.helpers.entity_registry] Registered new sensor.mqtt entity: sensor.badkamer_beneden_raam_power_outage_count
2026-01-31 13:23:05.658 INFO (MainThread) [homeassistant.helpers.entity_registry] Registered new sensor.mqtt entity: sensor.badkamer_beneden_raam_linkquality
2026-01-31 13:23:05.659 INFO (MainThread) [homeassistant.helpers.entity_registry] Registered new sensor.mqtt entity: sensor.badkamer_beneden_raam_trigger_count
2026-01-31 13:23:05.659 INFO (MainThread) [homeassistant.helpers.entity_registry] Registered new sensor.mqtt entity: sensor.keuken_voordeur_battery
2026-01-31 13:23:05.660 INFO (MainThread) [homeassistant.helpers.entity_registry] Registered new sensor.mqtt entity: sensor.keuken_voordeur_device_temperature
2026-01-31 13:23:05.660 INFO (MainThread) [homeassistant.helpers.entity_registry] Registered new sensor.mqtt entity: sensor.keuken_voordeur_voltage
2026-01-31 13:23:05.661 INFO (MainThread) [homeassistant.helpers.entity_registry] Registered new sensor.mqtt entity: sensor.keuken_voordeur_power_outage_count
2026-01-31 13:23:05.661 INFO (MainThread) [homeassistant.helpers.entity_registry] Registered new sensor.mqtt entity: sensor.keuken_voordeur_linkquality
2026-01-31 13:23:05.662 INFO (MainThread) [homeassistant.helpers.entity_registry] Registered new sensor.mqtt entity: sensor.keuken_voordeur_trigger_count
2026-01-31 13:23:05.663 INFO (MainThread) [homeassistant.helpers.entity_registry] Registered new sensor.mqtt entity: sensor.uitbouw_tuindeur_links_battery
2026-01-31 13:23:05.663 INFO (MainThread) [homeassistant.helpers.entity_registry] Registered new sensor.mqtt entity: sensor.uitbouw_tuindeur_links_device_temperature
2026-01-31 13:23:05.664 INFO (MainThread) [homeassistant.helpers.entity_registry] Registered new sensor.mqtt entity: sensor.uitbouw_tuindeur_links_voltage
2026-01-31 13:23:05.664 INFO (MainThread) [homeassistant.helpers.entity_registry] Registered new sensor.mqtt entity: sensor.uitbouw_tuindeur_links_power_outage_count
2026-01-31 13:23:05.665 INFO (MainThread) [homeassistant.helpers.entity_registry] Registered new sensor.mqtt entity: sensor.uitbouw_tuindeur_links_linkquality
2026-01-31 13:23:05.665 INFO (MainThread) [homeassistant.helpers.entity_registry] Registered new sensor.mqtt entity: sensor.uitbouw_tuindeur_links_trigger_count
2026-01-31 13:23:05.666 INFO (MainThread) [homeassistant.helpers.entity_registry] Registered new sensor.mqtt entity: sensor.woonkamer_tuindeur_links_battery
2026-01-31 13:23:05.666 INFO (MainThread) [homeassistant.helpers.entity_registry] Registered new sensor.mqtt entity: sensor.woonkamer_tuindeur_links_device_temperature
2026-01-31 13:23:05.667 INFO (MainThread) [homeassistant.helpers.entity_registry] Registered new sensor.mqtt entity: sensor.woonkamer_tuindeur_links_voltage
2026-01-31 13:23:05.668 INFO (MainThread) [homeassistant.helpers.entity_registry] Registered new sensor.mqtt entity: sensor.woonkamer_tuindeur_links_power_outage_count
2026-01-31 13:23:05.668 INFO (MainThread) [homeassistant.helpers.entity_registry] Registered new sensor.mqtt entity: sensor.woonkamer_tuindeur_links_linkquality
2026-01-31 13:23:05.669 INFO (MainThread) [homeassistant.helpers.entity_registry] Registered new sensor.mqtt entity: sensor.woonkamer_tuindeur_links_trigger_count
2026-01-31 13:23:05.669 INFO (MainThread) [homeassistant.helpers.entity_registry] Registered new sensor.mqtt entity: sensor.woonkamer_tuindeur_rechts_battery
2026-01-31 13:23:05.670 INFO (MainThread) [homeassistant.helpers.entity_registry] Registered new sensor.mqtt entity: sensor.woonkamer_tuindeur_rechts_device_temperature
2026-01-31 13:23:05.670 INFO (MainThread) [homeassistant.helpers.entity_registry] Registered new sensor.mqtt entity: sensor.woonkamer_tuindeur_rechts_voltage
2026-01-31 13:23:05.671 INFO (MainThread) [homeassistant.helpers.entity_registry] Registered new sensor.mqtt entity: sensor.woonkamer_tuindeur_rechts_power_outage_count
2026-01-31 13:23:05.672 INFO (MainThread) [homeassistant.helpers.entity_registry] Registered new sensor.mqtt entity: sensor.woonkamer_tuindeur_rechts_linkquality
2026-01-31 13:23:05.672 INFO (MainThread) [homeassistant.helpers.entity_registry] Registered new sensor.mqtt entity: sensor.woonkamer_tuindeur_rechts_trigger_count
2026-01-31 13:23:05.673 INFO (MainThread) [homeassistant.helpers.entity_registry] Registered new sensor.mqtt entity: sensor.uitbouw_steegdeur_battery
2026-01-31 13:23:05.674 INFO (MainThread) [homeassistant.helpers.entity_registry] Registered new sensor.mqtt entity: sensor.uitbouw_steegdeur_device_temperature
2026-01-31 13:23:05.674 INFO (MainThread) [homeassistant.helpers.entity_registry] Registered new sensor.mqtt entity: sensor.uitbouw_steegdeur_voltage
2026-01-31 13:23:05.675 INFO (MainThread) [homeassistant.helpers.entity_registry] Registered new sensor.mqtt entity: sensor.uitbouw_steegdeur_power_outage_count
2026-01-31 13:23:05.675 INFO (MainThread) [homeassistant.helpers.entity_registry] Registered new sensor.mqtt entity: sensor.uitbouw_steegdeur_linkquality
2026-01-31 13:23:05.676 INFO (MainThread) [homeassistant.helpers.entity_registry] Registered new sensor.mqtt entity: sensor.uitbouw_steegdeur_trigger_count
2026-01-31 13:23:05.677 INFO (MainThread) [homeassistant.helpers.entity_registry] Registered new sensor.mqtt entity: sensor.led_strip_slaapkamer_linkquality
2026-01-31 13:23:05.677 INFO (MainThread) [homeassistant.helpers.entity_registry] Registered new sensor.mqtt entity: sensor.switch_tuinhuis_boiler_linkquality
2026-01-31 13:23:05.677 INFO (MainThread) [homeassistant.helpers.entity_registry] Registered new sensor.mqtt entity: sensor.keuken_mozaiek_lamp_linkquality
2026-01-31 13:23:05.678 INFO (MainThread) [homeassistant.helpers.entity_registry] Registered new sensor.mqtt entity: sensor.switch_badkamer_beneden_kast_linkquality
2026-01-31 13:23:05.678 INFO (MainThread) [homeassistant.helpers.entity_registry] Registered new sensor.mqtt entity: sensor.bed_schakelaar_marielle_battery
2026-01-31 13:23:05.679 INFO (MainThread) [homeassistant.helpers.entity_registry] Registered new sensor.mqtt entity: sensor.bed_schakelaar_marielle_linkquality
2026-01-31 13:23:05.679 INFO (MainThread) [homeassistant.helpers.entity_registry] Registered new sensor.mqtt entity: sensor.beweging_woonkamer_uitbouw_battery
2026-01-31 13:23:05.680 INFO (MainThread) [homeassistant.helpers.entity_registry] Registered new sensor.mqtt entity: sensor.beweging_woonkamer_uitbouw_device_temperature
2026-01-31 13:23:05.680 INFO (MainThread) [homeassistant.helpers.entity_registry] Registered new sensor.mqtt entity: sensor.beweging_woonkamer_uitbouw_voltage
2026-01-31 13:23:05.681 INFO (MainThread) [homeassistant.helpers.entity_registry] Registered new sensor.mqtt entity: sensor.beweging_woonkamer_uitbouw_illuminance
2026-01-31 13:23:05.682 INFO (MainThread) [homeassistant.helpers.entity_registry] Registered new sensor.mqtt entity: sensor.beweging_woonkamer_uitbouw_power_outage_count
2026-01-31 13:23:05.682 INFO (MainThread) [homeassistant.helpers.entity_registry] Registered new sensor.mqtt entity: sensor.beweging_woonkamer_uitbouw_linkquality
2026-01-31 13:23:05.683 WARNING (MainThread) [homeassistant.components.mqtt.entity] The configuration for entity sensor.valetudo_l10pro_map_segments uses the deprecated option `object_id` to set the default entity id. Replace the `"object_id": "valetudo_l10pro_map_segments"` option with `"default_entity_id": "sensor.valetudo_l10pro_map_segments"` in your published discovery configuration to fix this issue, or contact the maintainer of the integration that published this config to fix this. This will stop working in Home Assistant Core 2026.4
2026-01-31 13:23:05.683 INFO (MainThread) [homeassistant.helpers.entity_registry] Registered new sensor.mqtt entity: sensor.valetudo_l10pro_map_segments
2026-01-31 13:23:05.683 WARNING (MainThread) [homeassistant.components.mqtt.entity] The configuration for entity sensor.valetudo_l10pro_wi_fi_configuration uses the deprecated option `object_id` to set the default entity id. Replace the `"object_id": "valetudo_l10pro_wi-fi_configuration"` option with `"default_entity_id": "sensor.valetudo_l10pro_wi-fi_configuration"` in your published discovery configuration to fix this issue, or contact the maintainer of the integration that published this config to fix this. This will stop working in Home Assistant Core 2026.4
2026-01-31 13:23:05.683 INFO (MainThread) [homeassistant.helpers.entity_registry] Registered new sensor.mqtt entity: sensor.valetudo_l10pro_wi_fi_configuration
2026-01-31 13:23:05.684 WARNING (MainThread) [homeassistant.components.mqtt.entity] The configuration for entity sensor.valetudo_l10pro_current_statistics_time uses the deprecated option `object_id` to set the default entity id. Replace the `"object_id": "valetudo_l10pro_current_statistics_time"` option with `"default_entity_id": "sensor.valetudo_l10pro_current_statistics_time"` in your published discovery configuration to fix this issue, or contact the maintainer of the integration that published this config to fix this. This will stop working in Home Assistant Core 2026.4
2026-01-31 13:23:05.684 INFO (MainThread) [homeassistant.helpers.entity_registry] Registered new sensor.mqtt entity: sensor.valetudo_l10pro_current_statistics_time
2026-01-31 13:23:05.684 WARNING (MainThread) [homeassistant.components.mqtt.entity] The configuration for entity sensor.valetudo_l10pro_current_statistics_area uses the deprecated option `object_id` to set the default entity id. Replace the `"object_id": "valetudo_l10pro_current_statistics_area"` option with `"default_entity_id": "sensor.valetudo_l10pro_current_statistics_area"` in your published discovery configuration to fix this issue, or contact the maintainer of the integration that published this config to fix this. This will stop working in Home Assistant Core 2026.4
2026-01-31 13:23:05.684 INFO (MainThread) [homeassistant.helpers.entity_registry] Registered new sensor.mqtt entity: sensor.valetudo_l10pro_current_statistics_area
2026-01-31 13:23:05.684 WARNING (MainThread) [homeassistant.components.mqtt.entity] The configuration for entity sensor.valetudo_l10pro_main_brush uses the deprecated option `object_id` to set the default entity id. Replace the `"object_id": "valetudo_l10pro_main_brush"` option with `"default_entity_id": "sensor.valetudo_l10pro_main_brush"` in your published discovery configuration to fix this issue, or contact the maintainer of the integration that published this config to fix this. This will stop working in Home Assistant Core 2026.4
2026-01-31 13:23:05.685 INFO (MainThread) [homeassistant.helpers.entity_registry] Registered new sensor.mqtt entity: sensor.valetudo_l10pro_main_brush
2026-01-31 13:23:05.685 WARNING (MainThread) [homeassistant.components.mqtt.entity] The configuration for entity sensor.valetudo_l10pro_right_brush uses the deprecated option `object_id` to set the default entity id. Replace the `"object_id": "valetudo_l10pro_right_brush"` option with `"default_entity_id": "sensor.valetudo_l10pro_right_brush"` in your published discovery configuration to fix this issue, or contact the maintainer of the integration that published this config to fix this. This will stop working in Home Assistant Core 2026.4
2026-01-31 13:23:05.685 INFO (MainThread) [homeassistant.helpers.entity_registry] Registered new sensor.mqtt entity: sensor.valetudo_l10pro_right_brush
2026-01-31 13:23:05.685 WARNING (MainThread) [homeassistant.components.mqtt.entity] The configuration for entity sensor.valetudo_l10pro_main_filter uses the deprecated option `object_id` to set the default entity id. Replace the `"object_id": "valetudo_l10pro_main_filter"` option with `"default_entity_id": "sensor.valetudo_l10pro_main_filter"` in your published discovery configuration to fix this issue, or contact the maintainer of the integration that published this config to fix this. This will stop working in Home Assistant Core 2026.4
2026-01-31 13:23:05.685 INFO (MainThread) [homeassistant.helpers.entity_registry] Registered new sensor.mqtt entity: sensor.valetudo_l10pro_main_filter
2026-01-31 13:23:05.686 WARNING (MainThread) [homeassistant.components.mqtt.entity] The configuration for entity sensor.valetudo_l10pro_sensor_cleaning uses the deprecated option `object_id` to set the default entity id. Replace the `"object_id": "valetudo_l10pro_sensor cleaning"` option with `"default_entity_id": "sensor.valetudo_l10pro_sensor cleaning"` in your published discovery configuration to fix this issue, or contact the maintainer of the integration that published this config to fix this. This will stop working in Home Assistant Core 2026.4
2026-01-31 13:23:05.686 INFO (MainThread) [homeassistant.helpers.entity_registry] Registered new sensor.mqtt entity: sensor.valetudo_l10pro_sensor_cleaning
2026-01-31 13:23:05.686 WARNING (MainThread) [homeassistant.components.mqtt.entity] The configuration for entity sensor.valetudo_l10pro_error uses the deprecated option `object_id` to set the default entity id. Replace the `"object_id": "valetudo_l10pro_error"` option with `"default_entity_id": "sensor.valetudo_l10pro_error"` in your published discovery configuration to fix this issue, or contact the maintainer of the integration that published this config to fix this. This will stop working in Home Assistant Core 2026.4
2026-01-31 13:23:05.686 INFO (MainThread) [homeassistant.helpers.entity_registry] Registered new sensor.mqtt entity: sensor.valetudo_l10pro_error
2026-01-31 13:23:05.687 WARNING (MainThread) [homeassistant.components.mqtt.entity] The configuration for entity sensor.valetudo_l10pro_battery_level uses the deprecated option `object_id` to set the default entity id. Replace the `"object_id": "valetudo_l10pro_battery_level"` option with `"default_entity_id": "sensor.valetudo_l10pro_battery_level"` in your published discovery configuration to fix this issue, or contact the maintainer of the integration that published this config to fix this. This will stop working in Home Assistant Core 2026.4
2026-01-31 13:23:05.687 INFO (MainThread) [homeassistant.helpers.entity_registry] Registered new sensor.mqtt entity: sensor.valetudo_l10pro_battery_level
2026-01-31 13:23:05.687 WARNING (MainThread) [homeassistant.components.mqtt.entity] The configuration for entity sensor.valetudo_l10pro_status_flag uses the deprecated option `object_id` to set the default entity id. Replace the `"object_id": "valetudo_l10pro_status_flag"` option with `"default_entity_id": "sensor.valetudo_l10pro_status_flag"` in your published discovery configuration to fix this issue, or contact the maintainer of the integration that published this config to fix this. This will stop working in Home Assistant Core 2026.4
2026-01-31 13:23:05.687 INFO (MainThread) [homeassistant.helpers.entity_registry] Registered new sensor.mqtt entity: sensor.valetudo_l10pro_status_flag
2026-01-31 13:23:05.688 WARNING (MainThread) [homeassistant.components.mqtt.entity] The configuration for entity sensor.valetudo_l10pro_events uses the deprecated option `object_id` to set the default entity id. Replace the `"object_id": "valetudo_l10pro_events"` option with `"default_entity_id": "sensor.valetudo_l10pro_events"` in your published discovery configuration to fix this issue, or contact the maintainer of the integration that published this config to fix this. This will stop working in Home Assistant Core 2026.4
2026-01-31 13:23:05.688 INFO (MainThread) [homeassistant.helpers.entity_registry] Registered new sensor.mqtt entity: sensor.valetudo_l10pro_events
2026-01-31 13:23:05.688 WARNING (MainThread) [homeassistant.components.mqtt.entity] The configuration for entity sensor.valetudo_l10pro_sensor_cleaning_2 uses the deprecated option `object_id` to set the default entity id. Replace the `"object_id": "valetudo_l10pro_sensor_cleaning"` option with `"default_entity_id": "sensor.valetudo_l10pro_sensor_cleaning"` in your published discovery configuration to fix this issue, or contact the maintainer of the integration that published this config to fix this. This will stop working in Home Assistant Core 2026.4
2026-01-31 13:23:05.688 INFO (MainThread) [homeassistant.helpers.entity_registry] Registered new sensor.mqtt entity: sensor.valetudo_l10pro_sensor_cleaning_2
2026-01-31 13:23:05.689 INFO (MainThread) [homeassistant.helpers.entity_registry] Registered new sensor.mqtt entity: sensor.switch_poort_linkquality
2026-01-31 13:23:05.689 INFO (MainThread) [homeassistant.helpers.entity_registry] Registered new sensor.mqtt entity: sensor.switch_tuinhuis_ledstrip_linkquality
2026-01-31 13:23:05.690 INFO (MainThread) [homeassistant.helpers.entity_registry] Registered new sensor.mqtt entity: sensor.temperature_tuinhuis_battery
2026-01-31 13:23:05.691 INFO (MainThread) [homeassistant.helpers.entity_registry] Registered new sensor.mqtt entity: sensor.temperature_tuinhuis_temperature
2026-01-31 13:23:05.691 INFO (MainThread) [homeassistant.helpers.entity_registry] Registered new sensor.mqtt entity: sensor.temperature_tuinhuis_humidity
2026-01-31 13:23:05.691 INFO (MainThread) [homeassistant.helpers.entity_registry] Registered new sensor.mqtt entity: sensor.temperature_tuinhuis_pressure
2026-01-31 13:23:05.692 INFO (MainThread) [homeassistant.helpers.entity_registry] Registered new sensor.mqtt entity: sensor.temperature_tuinhuis_voltage
2026-01-31 13:23:05.693 INFO (MainThread) [homeassistant.helpers.entity_registry] Registered new sensor.mqtt entity: sensor.temperature_tuinhuis_linkquality
2026-01-31 13:23:05.693 INFO (MainThread) [homeassistant.helpers.entity_registry] Registered new sensor.mqtt entity: sensor.switch_tuinhuis_kachel_linkquality
2026-01-31 13:23:05.694 INFO (MainThread) [homeassistant.helpers.entity_registry] Registered new sensor.mqtt entity: sensor.zigbee2mqtt_bridge_version
2026-01-31 13:23:05.694 INFO (MainThread) [homeassistant.helpers.entity_registry] Registered new sensor.mqtt entity: sensor.zigbee2mqtt_bridge_coordinator_version
2026-01-31 13:23:05.699 INFO (MainThread) [homeassistant.helpers.entity_registry] Registered new sensor.mqtt entity: sensor.zigbee2mqtt_bridge_network_map
2026-01-31 13:23:05.700 INFO (MainThread) [homeassistant.helpers.entity_registry] Registered new sensor.mqtt entity: sensor.ikea_lamp_slaapkamer_linkquality
2026-01-31 13:23:05.700 INFO (MainThread) [homeassistant.helpers.entity_registry] Registered new sensor.mqtt entity: sensor.lamp_slaapkamer_linkquality
2026-01-31 13:23:05.701 INFO (MainThread) [homeassistant.helpers.entity_registry] Registered new sensor.mqtt entity: sensor.switch_slaapkamer_wand_linkquality
2026-01-31 13:23:05.701 INFO (MainThread) [homeassistant.helpers.entity_registry] Registered new sensor.mqtt entity: sensor.lamp_kast_master_bedroom_linkquality
2026-01-31 13:23:05.702 INFO (MainThread) [homeassistant.helpers.entity_registry] Registered new sensor.mqtt entity: sensor.bed_schakelaar_janwiebe_battery
2026-01-31 13:23:05.703 INFO (MainThread) [homeassistant.helpers.entity_registry] Registered new sensor.mqtt entity: sensor.bed_schakelaar_janwiebe_linkquality
2026-01-31 13:23:05.703 INFO (MainThread) [homeassistant.helpers.entity_registry] Registered new sensor.mqtt entity: sensor.switch_kantoor_linkquality
2026-01-31 13:23:05.705 INFO (MainThread) [homeassistant.helpers.entity_registry] Registered new sensor.mqtt entity: sensor.lamp_overloop_color_options
2026-01-31 13:23:05.706 INFO (MainThread) [homeassistant.helpers.entity_registry] Registered new sensor.mqtt entity: sensor.lamp_overloop_linkquality
2026-01-31 13:23:05.708 INFO (MainThread) [homeassistant.helpers.entity_registry] Registered new sensor.mqtt entity: sensor.switch_trapkast_linkquality
2026-01-31 13:23:05.709 INFO (MainThread) [homeassistant.helpers.entity_registry] Registered new sensor.mqtt entity: sensor.keuken_staande_vloerlamp_power
2026-01-31 13:23:05.709 INFO (MainThread) [homeassistant.helpers.entity_registry] Registered new sensor.mqtt entity: sensor.keuken_staande_vloerlamp_current
2026-01-31 13:23:05.710 INFO (MainThread) [homeassistant.helpers.entity_registry] Registered new sensor.mqtt entity: sensor.keuken_staande_vloerlamp_voltage
2026-01-31 13:23:05.710 INFO (MainThread) [homeassistant.helpers.entity_registry] Registered new sensor.mqtt entity: sensor.keuken_staande_vloerlamp_energy
2026-01-31 13:23:05.713 INFO (MainThread) [homeassistant.helpers.entity_registry] Registered new sensor.mqtt entity: sensor.keuken_staande_vloerlamp_linkquality
2026-01-31 13:23:05.714 INFO (MainThread) [homeassistant.helpers.entity_registry] Registered new sensor.mqtt entity: sensor.keuken_lamp_keukenblad_power
2026-01-31 13:23:05.715 INFO (MainThread) [homeassistant.helpers.entity_registry] Registered new sensor.mqtt entity: sensor.keuken_lamp_keukenblad_current
2026-01-31 13:23:05.716 INFO (MainThread) [homeassistant.helpers.entity_registry] Registered new sensor.mqtt entity: sensor.keuken_lamp_keukenblad_voltage
2026-01-31 13:23:05.717 INFO (MainThread) [homeassistant.helpers.entity_registry] Registered new sensor.mqtt entity: sensor.keuken_lamp_keukenblad_energy
2026-01-31 13:23:05.718 INFO (MainThread) [homeassistant.helpers.entity_registry] Registered new sensor.mqtt entity: sensor.keuken_lamp_keukenblad_linkquality
2026-01-31 13:23:05.718 INFO (MainThread) [homeassistant.helpers.entity_registry] Registered new sensor.mqtt entity: sensor.keuken_kerstverlichting_linkquality
2026-01-31 13:23:05.719 INFO (MainThread) [homeassistant.helpers.entity_registry] Registered new sensor.mqtt entity: sensor.woonkamer_hoek_bank_linkquality
2026-01-31 13:23:05.719 INFO (MainThread) [homeassistant.helpers.entity_registry] Registered new sensor.mqtt entity: sensor.valetudo_punycautiousparrot_map_segments
2026-01-31 13:23:05.720 INFO (MainThread) [homeassistant.helpers.entity_registry] Registered new sensor.mqtt entity: sensor.valetudo_punycautiousparrot_events
2026-01-31 13:23:05.720 INFO (MainThread) [homeassistant.helpers.entity_registry] Registered new sensor.mqtt entity: sensor.valetudo_punycautiousparrot_main_brush
2026-01-31 13:23:05.721 INFO (MainThread) [homeassistant.helpers.entity_registry] Registered new sensor.mqtt entity: sensor.valetudo_punycautiousparrot_right_brush
2026-01-31 13:23:05.721 INFO (MainThread) [homeassistant.helpers.entity_registry] Registered new sensor.mqtt entity: sensor.valetudo_punycautiousparrot_main_filter
2026-01-31 13:23:05.723 INFO (MainThread) [homeassistant.helpers.entity_registry] Registered new sensor.mqtt entity: sensor.valetudo_punycautiousparrot_sensor_cleaning
2026-01-31 13:23:05.724 WARNING (MainThread) [homeassistant.components.mqtt.entity] The configuration for entity sensor.valetudo_punycautiousparrot_total_statistics_time uses the deprecated option `object_id` to set the default entity id. Replace the `"object_id": "valetudo_punycautiousparrot_total_statistics_time"` option with `"default_entity_id": "sensor.valetudo_punycautiousparrot_total_statistics_time"` in your published discovery configuration to fix this issue, or contact the maintainer of the integration that published this config to fix this. This will stop working in Home Assistant Core 2026.4
2026-01-31 13:23:05.724 INFO (MainThread) [homeassistant.helpers.entity_registry] Registered new sensor.mqtt entity: sensor.valetudo_punycautiousparrot_total_statistics_time
2026-01-31 13:23:05.724 WARNING (MainThread) [homeassistant.components.mqtt.entity] The configuration for entity sensor.valetudo_punycautiousparrot_total_statistics_area uses the deprecated option `object_id` to set the default entity id. Replace the `"object_id": "valetudo_punycautiousparrot_total_statistics_area"` option with `"default_entity_id": "sensor.valetudo_punycautiousparrot_total_statistics_area"` in your published discovery configuration to fix this issue, or contact the maintainer of the integration that published this config to fix this. This will stop working in Home Assistant Core 2026.4
2026-01-31 13:23:05.725 INFO (MainThread) [homeassistant.helpers.entity_registry] Registered new sensor.mqtt entity: sensor.valetudo_punycautiousparrot_total_statistics_area
2026-01-31 13:23:05.725 WARNING (MainThread) [homeassistant.components.mqtt.entity] The configuration for entity sensor.valetudo_punycautiousparrot_total_statistics_count uses the deprecated option `object_id` to set the default entity id. Replace the `"object_id": "valetudo_punycautiousparrot_total_statistics_count"` option with `"default_entity_id": "sensor.valetudo_punycautiousparrot_total_statistics_count"` in your published discovery configuration to fix this issue, or contact the maintainer of the integration that published this config to fix this. This will stop working in Home Assistant Core 2026.4
2026-01-31 13:23:05.725 INFO (MainThread) [homeassistant.helpers.entity_registry] Registered new sensor.mqtt entity: sensor.valetudo_punycautiousparrot_total_statistics_count
2026-01-31 13:23:05.726 INFO (MainThread) [homeassistant.helpers.entity_registry] Registered new sensor.mqtt entity: sensor.valetudo_punycautiousparrot_current_statistics_time
2026-01-31 13:23:05.726 INFO (MainThread) [homeassistant.helpers.entity_registry] Registered new sensor.mqtt entity: sensor.valetudo_punycautiousparrot_current_statistics_area
2026-01-31 13:23:05.727 INFO (MainThread) [homeassistant.helpers.entity_registry] Registered new sensor.mqtt entity: sensor.valetudo_punycautiousparrot_wi_fi_configuration
2026-01-31 13:23:05.727 INFO (MainThread) [homeassistant.helpers.entity_registry] Registered new sensor.mqtt entity: sensor.valetudo_punycautiousparrot_status_flag
2026-01-31 13:23:05.728 INFO (MainThread) [homeassistant.helpers.entity_registry] Registered new sensor.mqtt entity: sensor.valetudo_punycautiousparrot_error
2026-01-31 13:23:05.728 INFO (MainThread) [homeassistant.helpers.entity_registry] Registered new sensor.mqtt entity: sensor.valetudo_punycautiousparrot_battery_level
2026-01-31 13:23:05.729 INFO (MainThread) [homeassistant.helpers.entity_registry] Registered new sensor.mqtt entity: sensor.keuken_lamp_deurbel_power
2026-01-31 13:23:05.729 INFO (MainThread) [homeassistant.helpers.entity_registry] Registered new sensor.mqtt entity: sensor.keuken_lamp_deurbel_current
2026-01-31 13:23:05.730 INFO (MainThread) [homeassistant.helpers.entity_registry] Registered new sensor.mqtt entity: sensor.keuken_lamp_deurbel_voltage
2026-01-31 13:23:05.730 INFO (MainThread) [homeassistant.helpers.entity_registry] Registered new sensor.mqtt entity: sensor.keuken_lamp_deurbel_energy
2026-01-31 13:23:05.731 INFO (MainThread) [homeassistant.helpers.entity_registry] Registered new sensor.mqtt entity: sensor.keuken_lamp_deurbel_linkquality
2026-01-31 13:23:05.736 INFO (MainThread) [homeassistant.setup] Setting up switch
2026-01-31 13:23:05.736 INFO (MainThread) [homeassistant.components.switch] Setting up mqtt.switch
2026-01-31 13:23:05.737 INFO (MainThread) [homeassistant.helpers.entity_registry] Registered new switch.mqtt entity: switch.shp13_switch01
2026-01-31 13:23:05.738 INFO (MainThread) [homeassistant.helpers.entity_registry] Registered new switch.mqtt entity: switch.shp13_switch02
2026-01-31 13:23:05.739 INFO (MainThread) [homeassistant.helpers.entity_registry] Registered new switch.mqtt entity: switch.switch_tuinhuis_koelkast
2026-01-31 13:23:05.740 INFO (MainThread) [homeassistant.helpers.entity_registry] Registered new switch.mqtt entity: switch.switch_tuinhuis_boiler
2026-01-31 13:23:05.742 INFO (MainThread) [homeassistant.helpers.entity_registry] Registered new switch.mqtt entity: switch.keuken_mozaiek_lamp
2026-01-31 13:23:05.743 INFO (MainThread) [homeassistant.helpers.entity_registry] Registered new switch.mqtt entity: switch.switch_badkamer_beneden_kast
2026-01-31 13:23:05.743 INFO (MainThread) [homeassistant.helpers.entity_registry] Registered new switch.mqtt entity: switch.led_strip_slaapkamer_do_not_disturb
2026-01-31 13:23:05.745 INFO (MainThread) [homeassistant.helpers.entity_registry] Registered new switch.mqtt entity: switch.switch_poort
2026-01-31 13:23:05.746 INFO (MainThread) [homeassistant.helpers.entity_registry] Registered new switch.mqtt entity: switch.switch_tuinhuis_ledstrip
2026-01-31 13:23:05.747 INFO (MainThread) [homeassistant.helpers.entity_registry] Registered new switch.mqtt entity: switch.switch_tuinhuis_kachel
2026-01-31 13:23:05.748 INFO (MainThread) [homeassistant.helpers.entity_registry] Registered new switch.mqtt entity: switch.zigbee2mqtt_bridge_permit_join
2026-01-31 13:23:05.749 INFO (MainThread) [homeassistant.helpers.entity_registry] Registered new switch.mqtt entity: switch.switch_kantoor
2026-01-31 13:23:05.749 INFO (MainThread) [homeassistant.helpers.entity_registry] Registered new switch.mqtt entity: switch.switch_trapkast
2026-01-31 13:23:05.750 INFO (MainThread) [homeassistant.helpers.entity_registry] Registered new switch.mqtt entity: switch.keuken_staande_vloerlamp
2026-01-31 13:23:05.750 INFO (MainThread) [homeassistant.helpers.entity_registry] Registered new switch.mqtt entity: switch.keuken_staande_vloerlamp_child_lock
2026-01-31 13:23:05.753 INFO (MainThread) [homeassistant.helpers.entity_registry] Registered new switch.mqtt entity: switch.keuken_lamp_keukenblad
2026-01-31 13:23:05.753 INFO (MainThread) [homeassistant.helpers.entity_registry] Registered new switch.mqtt entity: switch.keuken_lamp_keukenblad_child_lock
2026-01-31 13:23:05.754 INFO (MainThread) [homeassistant.helpers.entity_registry] Registered new switch.mqtt entity: switch.keuken_kerstverlichting
2026-01-31 13:23:05.754 INFO (MainThread) [homeassistant.helpers.entity_registry] Registered new switch.mqtt entity: switch.woonkamer_hoek_bank
2026-01-31 13:23:05.755 WARNING (MainThread) [homeassistant.components.mqtt.entity] The configuration for entity switch.valetudo_punycautiousparrot_carpet_mode uses the deprecated option `object_id` to set the default entity id. Replace the `"object_id": "valetudo_punycautiousparrot_carpet_mode"` option with `"default_entity_id": "switch.valetudo_punycautiousparrot_carpet_mode"` in your published discovery configuration to fix this issue, or contact the maintainer of the integration that published this config to fix this. This will stop working in Home Assistant Core 2026.4
2026-01-31 13:23:05.756 INFO (MainThread) [homeassistant.helpers.entity_registry] Registered new switch.mqtt entity: switch.valetudo_punycautiousparrot_carpet_mode
2026-01-31 13:23:05.756 INFO (MainThread) [homeassistant.helpers.entity_registry] Registered new switch.mqtt entity: switch.keuken_lamp_deurbel
2026-01-31 13:23:05.757 INFO (MainThread) [homeassistant.helpers.entity_registry] Registered new switch.mqtt entity: switch.keuken_lamp_deurbel_child_lock
2026-01-31 13:23:05.760 INFO (MainThread) [homeassistant.setup] Setting up update
2026-01-31 13:23:05.760 INFO (MainThread) [homeassistant.components.update] Setting up mqtt.update
2026-01-31 13:23:05.762 INFO (MainThread) [homeassistant.helpers.entity_registry] Registered new update.mqtt entity: update.switch_tuinhuis_koelkast
2026-01-31 13:23:05.762 INFO (MainThread) [homeassistant.helpers.entity_registry] Registered new update.mqtt entity: update.ikea_remote01
2026-01-31 13:23:05.763 INFO (MainThread) [homeassistant.helpers.entity_registry] Registered new update.mqtt entity: update.ikea_lamp_slaapkamer
2026-01-31 13:23:05.764 INFO (MainThread) [homeassistant.helpers.entity_registry] Registered new update.mqtt entity: update.switch_tuinhuis_boiler
2026-01-31 13:23:05.764 INFO (MainThread) [homeassistant.helpers.entity_registry] Registered new update.mqtt entity: update.lamp_slaapkamer
2026-01-31 13:23:05.765 INFO (MainThread) [homeassistant.helpers.entity_registry] Registered new update.mqtt entity: update.switch_badkamer_beneden_kast
2026-01-31 13:23:05.765 INFO (MainThread) [homeassistant.helpers.entity_registry] Registered new update.mqtt entity: update.lamp_kast_master_bedroom
2026-01-31 13:23:05.766 INFO (MainThread) [homeassistant.helpers.entity_registry] Registered new update.mqtt entity: update.bed_schakelaar_marielle
2026-01-31 13:23:05.766 INFO (MainThread) [homeassistant.helpers.entity_registry] Registered new update.mqtt entity: update.bed_schakelaar_janwiebe
2026-01-31 13:23:05.767 INFO (MainThread) [homeassistant.helpers.entity_registry] Registered new update.mqtt entity: update.switch_tuinhuis_kachel
2026-01-31 13:23:05.767 INFO (MainThread) [homeassistant.helpers.entity_registry] Registered new update.mqtt entity: update.switch_kantoor
2026-01-31 13:23:05.767 INFO (MainThread) [homeassistant.helpers.entity_registry] Registered new update.mqtt entity: update.lamp_overloop
2026-01-31 13:23:05.769 INFO (MainThread) [homeassistant.helpers.entity_registry] Registered new update.mqtt entity: update.keuken_staande_vloerlamp
2026-01-31 13:23:05.769 INFO (MainThread) [homeassistant.helpers.entity_registry] Registered new update.mqtt entity: update.keuken_lamp_keukenblad
2026-01-31 13:23:05.770 INFO (MainThread) [homeassistant.helpers.entity_registry] Registered new update.mqtt entity: update.keuken_lamp_deurbel
2026-01-31 13:23:05.774 INFO (MainThread) [homeassistant.setup] Setting up vacuum
2026-01-31 13:23:05.774 INFO (MainThread) [homeassistant.components.vacuum] Setting up mqtt.vacuum
2026-01-31 13:23:05.775 WARNING (MainThread) [homeassistant.components.mqtt.entity] The configuration for entity vacuum.valetudo_rockrobo uses the deprecated option `object_id` to set the default entity id. Replace the `"object_id": "valetudo_rockrobo"` option with `"default_entity_id": "vacuum.valetudo_rockrobo"` in your published discovery configuration to fix this issue, or contact the maintainer of the integration that published this config to fix this. This will stop working in Home Assistant Core 2026.4
2026-01-31 13:23:05.775 INFO (MainThread) [homeassistant.helpers.entity_registry] Registered new vacuum.mqtt entity: vacuum.valetudo_rockrobo
2026-01-31 13:23:05.775 WARNING (MainThread) [homeassistant.components.mqtt.vacuum] MQTT vacuum entity vacuum.valetudo_rockrobo implements the battery feature which is deprecated. This will stop working in Home Assistant 2026.2. Implement a separate entity for the battery status instead
2026-01-31 13:23:05.776 WARNING (MainThread) [homeassistant.components.mqtt.entity] The configuration for entity vacuum.valetudo_l10pro uses the deprecated option `object_id` to set the default entity id. Replace the `"object_id": "valetudo_l10pro"` option with `"default_entity_id": "vacuum.valetudo_l10pro"` in your published discovery configuration to fix this issue, or contact the maintainer of the integration that published this config to fix this. This will stop working in Home Assistant Core 2026.4
2026-01-31 13:23:05.776 INFO (MainThread) [homeassistant.helpers.entity_registry] Registered new vacuum.mqtt entity: vacuum.valetudo_l10pro
2026-01-31 13:23:05.776 WARNING (MainThread) [homeassistant.components.mqtt.vacuum] MQTT vacuum entity vacuum.valetudo_l10pro implements the battery feature which is deprecated. This will stop working in Home Assistant 2026.2. Implement a separate entity for the battery status instead
2026-01-31 13:23:05.777 INFO (MainThread) [homeassistant.helpers.entity_registry] Registered new vacuum.mqtt entity: vacuum.valetudo_punycautiousparrot
2026-01-31 13:23:05.922 INFO (SyncWorker_6) [homeassistant.loader] Loaded tasmota from homeassistant.components.tasmota
2026-01-31 13:23:06.000 WARNING (Thread-1 (_monitor)) [homeassistant.util.logging] Module homeassistant.helpers.entity_registry is logging too frequently. 200 messages since last count
2026-01-31 13:23:11.285 INFO (MainThread) [homeassistant.components.mqtt.client] MQTT client initialized, birth message sent
2026-01-31 13:23:36.206 INFO (SyncWorker_4) [homeassistant.util.package] Attempting install of Pillow==10.1.0
2026-01-31 13:23:36.535 ERROR (SyncWorker_4) [homeassistant.util.package] Unable to install package Pillow==10.1.0: × No solution found when resolving dependencies:
  ╰─▶ Because you require pillow==10.1.0 and pillow==12.0.0, we can conclude
      that your requirements are unsatisfiable.
2026-01-31 13:23:36.535 INFO (SyncWorker_4) [homeassistant.util.package] Attempting install of Pillow==10.1.0
2026-01-31 13:23:36.695 ERROR (SyncWorker_4) [homeassistant.util.package] Unable to install package Pillow==10.1.0: × No solution found when resolving dependencies:
  ╰─▶ Because you require pillow==10.1.0 and pillow==12.0.0, we can conclude
      that your requirements are unsatisfiable.
2026-01-31 13:23:36.695 INFO (SyncWorker_4) [homeassistant.util.package] Attempting install of Pillow==10.1.0
2026-01-31 13:23:36.858 ERROR (SyncWorker_4) [homeassistant.util.package] Unable to install package Pillow==10.1.0: × No solution found when resolving dependencies:
  ╰─▶ Because you require pillow==10.1.0 and pillow==12.0.0, we can conclude
      that your requirements are unsatisfiable.
2026-01-31 13:23:36.862 ERROR (MainThread) [aiohttp.server] Error handling request from 127.0.0.1
Traceback (most recent call last):
  File "/usr/local/lib/python3.13/site-packages/aiohttp/web_protocol.py", line 510, in _handle_request
    resp = await request_handler(request)
           ^^^^^^^^^^^^^^^^^^^^^^^^^^^^^^
  File "/usr/local/lib/python3.13/site-packages/aiohttp/web_app.py", line 569, in _handle
    return await handler(request)
           ^^^^^^^^^^^^^^^^^^^^^^
  File "/usr/local/lib/python3.13/site-packages/aiohttp/web_middlewares.py", line 117, in impl
    return await handler(request)
           ^^^^^^^^^^^^^^^^^^^^^^
  File "/usr/src/homeassistant/homeassistant/components/http/security_filter.py", line 92, in security_filter_middleware
    return await handler(request)
           ^^^^^^^^^^^^^^^^^^^^^^
  File "/usr/src/homeassistant/homeassistant/components/http/forwarded.py", line 87, in forwarded_middleware
    return await handler(request)
           ^^^^^^^^^^^^^^^^^^^^^^
  File "/usr/src/homeassistant/homeassistant/components/http/request_context.py", line 26, in request_context_middleware
    return await handler(request)
           ^^^^^^^^^^^^^^^^^^^^^^
  File "/usr/src/homeassistant/homeassistant/components/http/ban.py", line 86, in ban_middleware
    return await handler(request)
           ^^^^^^^^^^^^^^^^^^^^^^
  File "/usr/src/homeassistant/homeassistant/components/http/auth.py", line 242, in auth_middleware
    return await handler(request)
           ^^^^^^^^^^^^^^^^^^^^^^
  File "/usr/src/homeassistant/homeassistant/components/http/headers.py", line 41, in headers_middleware
    response = await handler(request)
               ^^^^^^^^^^^^^^^^^^^^^^
  File "/usr/src/homeassistant/homeassistant/helpers/http.py", line 73, in handle
    result = await handler(request, **request.match_info)
             ^^^^^^^^^^^^^^^^^^^^^^^^^^^^^^^^^^^^^^^^^^^^
  File "/usr/src/homeassistant/homeassistant/components/http/decorators.py", line 83, in with_admin
    return await func(self, request, *args, **kwargs)
           ^^^^^^^^^^^^^^^^^^^^^^^^^^^^^^^^^^^^^^^^^^
  File "/usr/src/homeassistant/homeassistant/components/http/data_validator.py", line 74, in wrapper
    return await method(view, request, data, *args, **kwargs)
           ^^^^^^^^^^^^^^^^^^^^^^^^^^^^^^^^^^^^^^^^^^^^^^^^^^
  File "/usr/src/homeassistant/homeassistant/components/config/config_entries.py", line 188, in post
    return await self._post_impl(request, data)
           ^^^^^^^^^^^^^^^^^^^^^^^^^^^^^^^^^^^^
  File "/usr/src/homeassistant/homeassistant/components/config/config_entries.py", line 195, in _post_impl
    return await super()._post_impl(request, data)
           ^^^^^^^^^^^^^^^^^^^^^^^^^^^^^^^^^^^^^^^
  File "/usr/src/homeassistant/homeassistant/helpers/data_entry_flow.py", line 83, in _post_impl
    result = await self._flow_mgr.async_init(
             ^^^^^^^^^^^^^^^^^^^^^^^^^^^^^^^^
    ...<2 lines>...
    )
    ^
  File "/usr/src/homeassistant/homeassistant/config_entries.py", line 1484, in async_init
    flow, result = await self._async_init(flow_id, handler, context, data)
                   ^^^^^^^^^^^^^^^^^^^^^^^^^^^^^^^^^^^^^^^^^^^^^^^^^^^^^^^
  File "/usr/src/homeassistant/homeassistant/config_entries.py", line 1522, in _async_init
    flow = await self.async_create_flow(handler, context=context, data=data)
           ^^^^^^^^^^^^^^^^^^^^^^^^^^^^^^^^^^^^^^^^^^^^^^^^^^^^^^^^^^^^^^^^^
  File "/usr/src/homeassistant/homeassistant/config_entries.py", line 1744, in async_create_flow
    handler = await _async_get_flow_handler(
              ^^^^^^^^^^^^^^^^^^^^^^^^^^^^^^
        self.hass, handler_key, self._hass_config
        ^^^^^^^^^^^^^^^^^^^^^^^^^^^^^^^^^^^^^^^^^
    )
    ^
  File "/usr/src/homeassistant/homeassistant/config_entries.py", line 3988, in _async_get_flow_handler
    await _load_integration(hass, domain, hass_config)
  File "/usr/src/homeassistant/homeassistant/config_entries.py", line 3965, in _load_integration
    await async_process_deps_reqs(hass, hass_config, integration)
  File "/usr/src/homeassistant/homeassistant/setup.py", line 584, in async_process_deps_reqs
    await requirements.async_get_integration_with_requirements(
        hass, integration.domain
    )
  File "/usr/src/homeassistant/homeassistant/requirements.py", line 61, in async_get_integration_with_requirements
    return await manager.async_get_integration_with_requirements(domain)
           ^^^^^^^^^^^^^^^^^^^^^^^^^^^^^^^^^^^^^^^^^^^^^^^^^^^^^^^^^^^^^
  File "/usr/src/homeassistant/homeassistant/requirements.py", line 179, in async_get_integration_with_requirements
    await future
  File "/usr/src/homeassistant/homeassistant/requirements.py", line 168, in async_get_integration_with_requirements
    await self._async_process_integration(integration, done)
  File "/usr/src/homeassistant/homeassistant/requirements.py", line 191, in _async_process_integration
    await self.async_process_requirements(
        integration.domain, integration.requirements, integration.is_built_in
    )
  File "/usr/src/homeassistant/homeassistant/requirements.py", line 308, in async_process_requirements
    await self._async_process_requirements(name, missing)
  File "/usr/src/homeassistant/homeassistant/requirements.py", line 346, in _async_process_requirements
    raise RequirementsNotFound(name, list(failures))
homeassistant.requirements.RequirementsNotFound: Requirements for phomemo_d30 not found: ['Pillow==10.1.0'].
2026-01-31 13:23:59.047 INFO (MainThread) [homeassistant.requirements] Multiple attempts to install Pillow==10.1.0 failed, install will be retried after next configuration check or restart
2026-01-31 13:23:59.050 ERROR (MainThread) [aiohttp.server] Error handling request from 127.0.0.1
Traceback (most recent call last):
  File "/usr/local/lib/python3.13/site-packages/aiohttp/web_protocol.py", line 510, in _handle_request
    resp = await request_handler(request)
           ^^^^^^^^^^^^^^^^^^^^^^^^^^^^^^
  File "/usr/local/lib/python3.13/site-packages/aiohttp/web_app.py", line 569, in _handle
    return await handler(request)
           ^^^^^^^^^^^^^^^^^^^^^^
  File "/usr/local/lib/python3.13/site-packages/aiohttp/web_middlewares.py", line 117, in impl
    return await handler(request)
           ^^^^^^^^^^^^^^^^^^^^^^
  File "/usr/src/homeassistant/homeassistant/components/http/security_filter.py", line 92, in security_filter_middleware
    return await handler(request)
           ^^^^^^^^^^^^^^^^^^^^^^
  File "/usr/src/homeassistant/homeassistant/components/http/forwarded.py", line 87, in forwarded_middleware
    return await handler(request)
           ^^^^^^^^^^^^^^^^^^^^^^
  File "/usr/src/homeassistant/homeassistant/components/http/request_context.py", line 26, in request_context_middleware
    return await handler(request)
           ^^^^^^^^^^^^^^^^^^^^^^
  File "/usr/src/homeassistant/homeassistant/components/http/ban.py", line 86, in ban_middleware
    return await handler(request)
           ^^^^^^^^^^^^^^^^^^^^^^
  File "/usr/src/homeassistant/homeassistant/components/http/auth.py", line 242, in auth_middleware
    return await handler(request)
           ^^^^^^^^^^^^^^^^^^^^^^
  File "/usr/src/homeassistant/homeassistant/components/http/headers.py", line 41, in headers_middleware
    response = await handler(request)
               ^^^^^^^^^^^^^^^^^^^^^^
  File "/usr/src/homeassistant/homeassistant/helpers/http.py", line 73, in handle
    result = await handler(request, **request.match_info)
             ^^^^^^^^^^^^^^^^^^^^^^^^^^^^^^^^^^^^^^^^^^^^
  File "/usr/src/homeassistant/homeassistant/components/http/decorators.py", line 83, in with_admin
    return await func(self, request, *args, **kwargs)
           ^^^^^^^^^^^^^^^^^^^^^^^^^^^^^^^^^^^^^^^^^^
  File "/usr/src/homeassistant/homeassistant/components/http/data_validator.py", line 74, in wrapper
    return await method(view, request, data, *args, **kwargs)
           ^^^^^^^^^^^^^^^^^^^^^^^^^^^^^^^^^^^^^^^^^^^^^^^^^^
  File "/usr/src/homeassistant/homeassistant/components/config/config_entries.py", line 188, in post
    return await self._post_impl(request, data)
           ^^^^^^^^^^^^^^^^^^^^^^^^^^^^^^^^^^^^
  File "/usr/src/homeassistant/homeassistant/components/config/config_entries.py", line 195, in _post_impl
    return await super()._post_impl(request, data)
           ^^^^^^^^^^^^^^^^^^^^^^^^^^^^^^^^^^^^^^^
  File "/usr/src/homeassistant/homeassistant/helpers/data_entry_flow.py", line 83, in _post_impl
    result = await self._flow_mgr.async_init(
             ^^^^^^^^^^^^^^^^^^^^^^^^^^^^^^^^
    ...<2 lines>...
    )
    ^
  File "/usr/src/homeassistant/homeassistant/config_entries.py", line 1484, in async_init
    flow, result = await self._async_init(flow_id, handler, context, data)
                   ^^^^^^^^^^^^^^^^^^^^^^^^^^^^^^^^^^^^^^^^^^^^^^^^^^^^^^^
  File "/usr/src/homeassistant/homeassistant/config_entries.py", line 1522, in _async_init
    flow = await self.async_create_flow(handler, context=context, data=data)
           ^^^^^^^^^^^^^^^^^^^^^^^^^^^^^^^^^^^^^^^^^^^^^^^^^^^^^^^^^^^^^^^^^
  File "/usr/src/homeassistant/homeassistant/config_entries.py", line 1744, in async_create_flow
    handler = await _async_get_flow_handler(
              ^^^^^^^^^^^^^^^^^^^^^^^^^^^^^^
        self.hass, handler_key, self._hass_config
        ^^^^^^^^^^^^^^^^^^^^^^^^^^^^^^^^^^^^^^^^^
    )
    ^
  File "/usr/src/homeassistant/homeassistant/config_entries.py", line 3988, in _async_get_flow_handler
    await _load_integration(hass, domain, hass_config)
  File "/usr/src/homeassistant/homeassistant/config_entries.py", line 3965, in _load_integration
    await async_process_deps_reqs(hass, hass_config, integration)
  File "/usr/src/homeassistant/homeassistant/setup.py", line 584, in async_process_deps_reqs
    await requirements.async_get_integration_with_requirements(
        hass, integration.domain
    )
  File "/usr/src/homeassistant/homeassistant/requirements.py", line 61, in async_get_integration_with_requirements
    return await manager.async_get_integration_with_requirements(domain)
           ^^^^^^^^^^^^^^^^^^^^^^^^^^^^^^^^^^^^^^^^^^^^^^^^^^^^^^^^^^^^^
  File "/usr/src/homeassistant/homeassistant/requirements.py", line 179, in async_get_integration_with_requirements
    await future
  File "/usr/src/homeassistant/homeassistant/requirements.py", line 168, in async_get_integration_with_requirements
    await self._async_process_integration(integration, done)
  File "/usr/src/homeassistant/homeassistant/requirements.py", line 191, in _async_process_integration
    await self.async_process_requirements(
        integration.domain, integration.requirements, integration.is_built_in
    )
  File "/usr/src/homeassistant/homeassistant/requirements.py", line 303, in async_process_requirements
    self._raise_for_failed_requirements(name, missing)
    ~~~~~~~~~~~~~~~~~~~~~~~~~~~~~~~~~~~^^^^^^^^^^^^^^^
  File "/usr/src/homeassistant/homeassistant/requirements.py", line 331, in _raise_for_failed_requirements
    raise RequirementsNotFound(integration, [req])
homeassistant.requirements.RequirementsNotFound: Requirements for phomemo_d30 not found: ['Pillow==10.1.0'].
2026-01-31 13:25:09.992 INFO (Recorder) [homeassistant.components.recorder.pool.RecorderPool] Pool recreating
